Student_ID,Name,Age,Gender,Grade_Level,Course_ID,Course_Name,Enrollment_Date,Completion_Date,Status,Final_Grade,Attendance_Rate,Time_Spent_on_Course_hrs,Assignments_Completed,Quizzes_Completed,Forum_Posts,Messages_Sent,Quiz_Average_Score,Assignment_Scores,Assignment_Average_Score,Project_Score,Extra_Credit,Overall_Performance,Feedback_Score,Parent_Involvement,Demographic_Group,Internet_Access,Learning_Disabilities,Preferred_Learning_Style,Language_Proficiency,Participation_Rate,Completion_Time_Days,Performance_Score,Course_Completion_Rate
S01235,Zoe Wilson,14,Female,Grade 12,C105,English Literature,6/2/2023,10/11/2023,Completed,F,96.4,58.0,2,6,25,27,80.7,"[81, 52, 48, 73]",59.3,74.7,0.5,71.6,3.1,High,Suburban,No,No,Kinesthetic,Intermediate,Medium,,,
S01026,Zoe Lee,15,Male,Grade 10,C107,Geometry,6/18/2023,9/28/2023,Completed,D,80.1,106.9,8,4,26,44,70.2,"[95, 86, 56, 98]",63.1,98.8,2.7,77.4,2.3,High,Rural,Yes,No,Auditory,Advanced,High,,,
S01189,Mia Singh,14,Female,Grade 10,C107,Geometry,3/12/2023,,In-progress,,92.9,21.1,8,3,8,46,48.1,"[68, 62, 58, 73]",84.0,92.7,4.4,74.9,1.3,Low,Urban,Yes,No,Auditory,Basic,High,,,
S01220,Ruby Lee,15,Male,Grade 9,C101,Algebra I,3/29/2023,,Dropped,,78.9,101.8,0,10,8,48,98.0,"[90, 85, 65, 63]",75.7,89.3,4.1,87.7,1.2,Medium,Suburban,No,No,Reading/Writing,Advanced,High,,,
S01156,Max Nguyen,17,Female,Grade 9,C103,World History,4/7/2023,5/8/2023,Completed,C,86.5,115.5,4,10,5,7,86.1,"[80, 49, 92, 51]",94.7,73.9,4.5,84.9,4.8,Low,Rural,No,Yes,Reading/Writing,Intermediate,Medium,,,
S01056,Aria Smith,17,Male,Grade 10,C107,Geometry,5/24/2023,8/24/2023,Completed,F,98.8,50.7,3,7,11,30,94.5,"[41, 70, 64, 62]",72.0,54.7,2.8,73.7,3.6,Medium,Urban,Yes,Yes,Auditory,Basic,Medium,,,
S01160,Max Taylor,16,Other,Grade 9,C101,Algebra I,7/30/2023,10/29/2023,Completed,F,77.5,98.9,3,5,8,13,50.6,"[99, 87, 87, 46]",98.3,72.2,2.9,73.7,4.2,Medium,Urban,No,No,Reading/Writing,Intermediate,Low,,,
S01241,Ethan Brown,15,Other,Grade 9,C103,World History,5/20/2023,9/11/2023,Completed,A,67.7,69.4,6,9,23,9,75.0,"[58, 94, 88, 92]",48.9,47.6,4.6,57.2,1.9,Low,Urban,No,Yes,Auditory,Advanced,Medium,,,
S01174,Aria Wilson,17,Female,Grade 12,C105,English Literature,8/2/2023,12/28/2023,Completed,C,72.9,100.2,4,5,28,33,50.0,"[58, 84, 67, 84]",48.8,45.6,3.9,48.1,4.4,High,Suburban,Yes,No,Visual,Basic,Medium,,,
S01209,Ethan Wilson,17,Other,Grade 12,C105,English Literature,3/21/2023,8/13/2023,Completed,A,59.4,29.3,6,7,24,33,91.5,"[54, 58, 85, 86]",81.1,98.3,4.3,90.3,4.3,High,Urban,Yes,No,Reading/Writing,Basic,High,,,
S01041,Mia Patel,18,Male,Grade 11,C104,Chemistry,8/8/2023,10/24/2023,Completed,B,62.6,97.6,4,10,8,27,80.7,"[41, 87, 86, 41]",56.1,64.6,4.5,67.1,4.4,Medium,Suburban,Yes,No,Kinesthetic,Advanced,High,,,
S01132,Ava Patel,17,Female,Grade 9,C103,World History,5/2/2023,8/12/2023,Completed,C,66.8,108.8,2,5,9,10,62.3,"[42, 82, 78, 92]",62.7,75.3,2.3,66.8,1.7,Low,Suburban,No,No,Reading/Writing,Intermediate,Low,,,
S01134,Liam Nguyen,14,Female,Grade 12,C105,English Literature,7/28/2023,11/26/2023,Completed,D,68.9,59.7,10,0,22,10,44.7,"[55, 82, 58, 90]",97.6,67.5,0.4,69.9,4.4,High,Suburban,Yes,Yes,Auditory,Basic,High,,,
S01082,Leo Lee,14,Male,Grade 10,C102,Biology,7/17/2023,12/15/2023,Completed,C,77.5,111.7,7,7,3,1,89.5,"[68, 43, 71, 77]",40.1,92.2,4.9,73.9,3.4,Low,Rural,Yes,No,Visual,Advanced,Medium,,,
S01107,Aria Kumar,17,Other,Grade 9,C103,World History,4/16/2023,8/19/2023,Completed,D,65.7,24.9,8,5,17,22,70.1,"[91, 84, 82, 71]",76.7,68.3,3.4,71.7,4.5,High,Rural,No,No,Auditory,Basic,Medium,,,
S01023,Leo Lee,15,Female,Grade 11,C104,Chemistry,8/4/2023,,Dropped,,77.6,49.1,9,8,23,8,67.7,"[70, 83, 71, 56]",47.0,89.9,4.3,68.2,2.1,Medium,Suburban,No,Yes,Kinesthetic,Advanced,Medium,,,
S01023,Ethan Lee,15,Female,Grade 11,C104,Chemistry,8/15/2023,10/10/2023,Completed,C,68.0,103.4,6,0,28,45,86.1,"[71, 84, 79, 96]",49.7,97.8,3.9,77.9,2.6,Low,Rural,Yes,No,Reading/Writing,Basic,Low,,,
S01146,Max Kumar,14,Male,Grade 10,C107,Geometry,7/30/2023,10/8/2023,Completed,D,96.7,62.4,5,1,25,43,44.7,"[59, 99, 96, 85]",80.1,77.0,2.0,67.3,3.1,Low,Suburban,Yes,No,Visual,Basic,Low,,,
S01197,Kai Patel,15,Male,Grade 12,C105,English Literature,7/26/2023,,In-progress,,73.8,5.0,1,0,4,32,77.0,"[40, 54, 53, 96]",94.6,52.6,4.0,74.7,2.7,Medium,Suburban,No,Yes,Auditory,Advanced,Medium,,,
S01155,Ava Kumar,16,Male,Grade 11,C104,Chemistry,7/11/2023,8/13/2023,Completed,D,93.0,70.4,5,8,21,11,87.0,"[63, 54, 78, 44]",87.6,54.4,3.8,76.3,4.8,Low,Urban,Yes,Yes,Kinesthetic,Basic,Low,,,
S01087,Ava Brown,14,Male,Grade 10,C107,Geometry,8/24/2023,11/11/2023,Completed,A,56.3,25.8,0,5,11,38,45.5,"[85, 88, 72, 43]",40.6,64.8,3.3,50.3,2.0,Medium,Urban,No,No,Visual,Advanced,Low,,,
S01190,Max Nguyen,16,Other,Grade 11,C106,Computer Science,7/27/2023,8/31/2023,Completed,C,67.6,71.5,3,2,21,30,75.2,"[47, 61, 80, 85]",73.7,59.8,1.1,69.6,1.4,High,Suburban,Yes,No,Auditory,Intermediate,High,,,
,Leo Smith,15,Female,Grade 11,C104,Chemistry,5/3/2023,7/19/2023,Completed,A,86.5,16.8,5,5,28,19,71.2,"[61, 47, 92, 82]",66.7,40.5,0.7,59.5,4.1,Low,Rural,Yes,Yes,Visual,Advanced,High,,,
S01014,Max Kumar,14,Male,Grade 10,C102,Biology,5/30/2023,8/25/2023,Completed,D,53.6,114.0,9,0,11,4,79.2,"[52, 93, 44, 52]",41.9,65.3,4.7,62.1,3.4,High,Urban,No,No,Kinesthetic,Advanced,Low,,,
S01114,Isla Martin,16,Other,Grade 10,C102,Biology,1/20/2023,,Dropped,,98.8,107.9,7,10,22,7,77.1,"[86, 72, 49, 48]",58.1,68.5,4.6,67.9,1.3,Medium,Rural,Yes,No,Kinesthetic,Advanced,Low,,,
S01034,Leo Taylor,15,Female,Grade 12,C108,Economics,10/23/2023,7/4/2023,Completed,B,94.3,74.4,12,10,30,39,98.5,"[82, 44, 48, 91]",52.1,47.6,4.5,66.1,3.3,High,Urban,Yes,No,Reading/Writing,Basic,High,,,
S01142,Ethan Lee,17,Other,Grade 11,C104,Chemistry,7/2/2023,10/16/2023,Completed,D,87.0,55.1,12,7,22,8,93.8,"[77, 100, 43, 84]",93.9,75.5,3.7,87.7,3.9,High,Rural,Yes,No,Visual,Advanced,High,,,
S01064,Ruby Kumar,16,Male,Grade 10,C107,Geometry,3/17/2023,8/19/2023,Completed,C,56.1,41.6,0,5,6,29,61.1,"[59, 87, 61, 44]",41.8,50.8,2.8,51.2,2.3,Low,Rural,Yes,No,Kinesthetic,Advanced,Low,,,
S01165,Mia Martin,17,Other,Grade 10,C107,Geometry,1/6/2023,2/27/2023,Completed,F,81.9,106.0,11,10,26,18,74.4,"[42, 74, 43, 55]",49.7,77.8,4.7,67.3,1.9,High,Suburban,No,No,Auditory,Intermediate,High,,,
S01091,Ethan Brown,15,Other,Grade 10,C102,Biology,7/20/2023,,In-progress,,66.6,46.5,3,9,16,30,71.5,"[87, 50, 73, 64]",97.4,71.2,5.0,80.0,4.3,High,Urban,Yes,No,Reading/Writing,Basic,High,,,
S01063,Zoe Martin,16,Male,Grade 11,C104,Chemistry,3/7/2023,,In-progress,,87.2,89.3,1,2,16,19,51.0,"[54, 83, 51, 99]",96.2,91.5,0.3,79.6,1.9,High,Rural,No,No,Visual,Advanced,Low,,,
S01212,Mia Smith,18,Other,Grade 11,C106,Computer Science,1/23/2023,3/11/2023,Completed,A,76.5,27.3,12,5,11,46,54.6,"[64, 59, 60, 60]",75.3,71.4,4.8,67.1,3.6,Low,Urban,Yes,No,Kinesthetic,Basic,Low,,,
S01077,Aria Lee,18,Male,Grade 12,C108,Economics,8/11/2023,11/24/2023,Completed,B,59.3,48.9,8,7,1,19,44.0,"[45, 65, 95, 65]",97.6,85.4,4.2,75.7,2.2,High,Rural,No,No,Visual,Basic,Low,,,
S01167,Aria Wilson,14,Female,Grade 11,C106,Computer Science,3/28/2023,,Dropped,,71.3,7.9,8,2,3,14,51.2,"[86, 67, 46, 91]",60.5,92.3,4.9,68.0,4.3,Low,Rural,No,No,Kinesthetic,Intermediate,Medium,,,
S01131,Noah Patel,16,Male,Grade 9,C101,Algebra I,5/1/2023,7/24/2023,Completed,A,57.3,90.8,4,9,11,22,42.6,"[46, 47, 76, 75]",58.1,40.6,0.8,47.1,3.0,High,Rural,Yes,Yes,Visual,Advanced,Low,,,
S01037,Mia Taylor,18,Other,Grade 12,C108,Economics,1/28/2023,6/22/2023,Completed,C,57.6,76.5,1,1,21,48,69.8,"[46, 43, 44, 81]",77.7,48.1,2.6,65.2,3.0,Medium,Urban,No,No,Reading/Writing,Advanced,Medium,,,
S01243,Isla Patel,17,Female,Grade 9,C103,World History,1/4/2023,2/16/2023,Completed,C,75.0,66.3,6,9,9,46,78.7,"[75, 94, 71, 51]",95.0,63.9,2.1,79.2,4.5,High,Urban,Yes,No,Auditory,Intermediate,High,,,
S01171,Ruby Nguyen,18,Male,Grade 10,C102,Biology,3/29/2023,6/9/2023,Completed,B,68.2,8.8,10,1,30,21,53.5,"[87, 79, 61, 68]",56.7,86.7,2.5,65.6,2.1,High,Rural,Yes,Yes,Reading/Writing,Advanced,High,,,
S01055,Liam Martin,16,Other,Grade 11,C106,Computer Science,1/27/2023,3/12/2023,Completed,F,94.3,46.6,3,1,1,42,61.5,"[43, 68, 47, 95]",60.6,55.9,1.1,59.3,2.2,Low,Urban,Yes,No,Kinesthetic,Intermediate,High,,,
S01242,Mia Taylor,16,Female,Grade 10,C107,Geometry,5/27/2023,,In-progress,,54.5,35.0,3,3,11,41,81.1,"[68, 91, 51, 59]",88.3,62.9,3.2,77.4,2.4,Low,Rural,No,Yes,Visual,Advanced,Low,,,
S01130,Mia Nguyen,18,Female,Grade 10,C102,Biology,3/14/2023,4/30/2023,Completed,B,84.4,60.3,3,0,0,42,69.9,"[90, 98, 61, 65]",76.5,86.7,0.4,77.7,1.4,High,Rural,No,No,Visual,Advanced,Low,,,
S01019,Max Lee,15,Female,Grade 11,C104,Chemistry,2/11/2023,7/3/2023,Completed,F,79.3,11.8,0,10,10,17,96.5,"[97, 87, 63, 98]",75.6,97.1,2.7,89.7,2.8,Medium,Urban,No,No,Visual,Intermediate,High,,,
S01190,Aria Patel,17,Other,Grade 10,C102,Biology,7/23/2023,11/18/2023,Completed,A,69.7,99.0,12,8,15,4,69.1,"[74, 46, 44, 95]",78.7,66.0,2.6,71.3,3.3,High,Rural,Yes,No,Visual,Basic,High,,,
S01145,Liam Singh,14,Other,Grade 10,C107,Geometry,2/6/2023,,In-progress,,70.7,23.5,3,3,19,49,98.8,"[98, 43, 85, 75]",75.2,91.8,3.8,88.6,1.7,Low,Urban,No,Yes,Kinesthetic,Basic,Low,,,
S01027,Zoe Nguyen,18,Male,Grade 9,C103,World History,1/21/2023,5/17/2023,Completed,A,60.6,96.1,6,9,16,48,47.5,"[54, 69, 86, 41]",43.9,41.8,1.3,44.4,2.9,Medium,Rural,No,No,Kinesthetic,Advanced,Medium,,,
S01198,Ava Patel,14,Female,Grade 9,C103,World History,7/21/2023,,Dropped,,89.5,32.4,5,0,5,16,40.2,"[48, 55, 50, 80]",91.5,48.7,0.3,60.1,4.0,High,Urban,Yes,No,Reading/Writing,Intermediate,High,,,
S01067,Liam Wilson,17,Male,Grade 12,C105,English Literature,6/13/2023,,In-progress,,79.9,46.6,7,9,13,16,68.4,"[65, 70, 81, 55]",79.2,93.6,3.1,80.4,2.9,High,Urban,No,Yes,Kinesthetic,Basic,High,,,
S01058,Aria Singh,14,Other,Grade 10,C102,Biology,5/24/2023,8/18/2023,Completed,A,96.3,55.4,7,1,3,50,99.6,"[86, 73, 94, 91]",87.1,86.2,3.1,91.0,4.1,Low,Rural,Yes,Yes,Auditory,Advanced,Low,,,
S01106,Ruby Nguyen,16,Female,Grade 9,C101,Algebra I,1/17/2023,6/14/2023,Completed,F,67.5,44.3,9,1,18,29,48.9,"[43, 77, 81, 65]",56.0,50.4,0.4,51.8,4.7,Low,Rural,Yes,No,Kinesthetic,Advanced,High,,,
S01198,Ruby Patel,14,Female,Grade 11,C104,Chemistry,8/10/2023,9/25/2023,Completed,C,51.9,13.4,2,4,17,4,52.3,"[84, 66, 89, 44]",89.7,92.7,2.9,78.2,1.9,Medium,Suburban,No,No,Reading/Writing,Intermediate,Medium,,,
S01214,Isla Lee,14,Female,Grade 9,C101,Algebra I,7/15/2023,10/11/2023,Completed,C,70.4,41.9,1,2,10,26,74.6,"[71, 67, 57, 100]",85.8,50.5,3.5,70.3,2.2,Medium,Rural,Yes,No,Visual,Intermediate,Medium,,,
S01187,Kai Brown,18,Male,Grade 12,C105,English Literature,2/2/2023,2/22/2023,Completed,D,57.0,90.7,3,5,10,10,96.9,"[100, 98, 42, 76]",96.9,63.5,3.2,85.8,4.9,High,Rural,No,No,Visual,Intermediate,Low,,,
S01080,Ruby Smith,16,Female,Grade 10,C102,Biology,3/21/2023,7/10/2023,Completed,F,55.1,97.9,2,0,18,50,85.1,"[59, 63, 61, 48]",97.5,70.0,1.9,84.2,3.3,Low,Suburban,Yes,No,Reading/Writing,Basic,High,,,
S01095,Isla Patel,15,Female,Grade 9,C101,Algebra I,6/29/2023,8/6/2023,Completed,B,87.4,85.3,4,7,13,46,68.6,"[49, 48, 55, 41]",75.6,49.5,1.7,64.6,4.1,High,Urban,No,Yes,Auditory,Basic,High,,,
S01128,Liam Smith,17,Male,Grade 11,C106,Computer Science,4/2/2023,5/27/2023,Completed,A,80.1,43.1,3,4,29,16,88.1,"[92, 74, 48, 71]",66.3,77.5,2.0,77.3,2.4,Low,Suburban,Yes,No,Kinesthetic,Intermediate,High,,,
S01003,Aria Brown,14,Female,Grade 11,C104,Chemistry,1/29/2023,,In-progress,,88.5,22.0,6,0,3,10,81.8,"[69, 49, 55, 91]",51.3,41.6,4.5,58.2,4.0,Medium,Suburban,No,Yes,Reading/Writing,Advanced,Low,,,
S01237,Isla Brown,15,Other,Grade 10,C102,Biology,6/30/2023,9/30/2023,Completed,A,79.8,87.5,9,1,20,50,65.0,"[82, 52, 78, 71]",88.4,86.4,1.5,79.9,2.7,High,Urban,Yes,Yes,Visual,Advanced,Medium,,,
S01134,Zoe Smith,18,Other,Grade 10,C102,Biology,3/9/2023,,In-progress,,86.1,31.3,8,0,1,0,74.6,"[62, 70, 74, 62]",44.6,67.3,1.2,62.2,2.9,Medium,Urban,Yes,Yes,Reading/Writing,Basic,Medium,,,
S01117,Liam Nguyen,14,Male,Grade 9,C103,World History,3/9/2023,8/13/2023,Completed,B,89.6,53.5,1,6,12,38,55.8,"[64, 53, 100, 71]",75.1,93.9,5.0,74.9,3.1,High,Urban,Yes,No,Kinesthetic,Basic,Medium,,,
S01072,Isla Brown,15,Other,Grade 11,C106,Computer Science,7/20/2023,,Dropped,,87.5,59.6,8,9,25,35,96.7,"[41, 79, 99, 97]",89.3,85.5,3.8,90.5,3.9,Medium,Suburban,Yes,No,Auditory,Intermediate,High,,,
S01125,Ava Brown,14,Female,Grade 9,C101,Algebra I,5/6/2023,9/26/2023,Completed,F,87.4,70.7,2,10,10,47,76.6,"[86, 86, 82, 72]",58.4,99.5,0.2,78.2,1.1,Medium,Suburban,Yes,No,Visual,Advanced,Medium,,,
S01125,Ethan Nguyen,14,Other,Grade 12,C108,Economics,5/2/2023,7/1/2023,Completed,A,56.4,47.1,12,9,0,48,70.4,"[98, 77, 61, 99]",63.5,69.7,4.5,67.9,2.4,Low,Suburban,No,No,Reading/Writing,Intermediate,Low,,,
S01154,Mia Brown,18,Female,Grade 10,C102,Biology,5/14/2023,7/25/2023,Completed,F,84.1,103.8,9,1,13,9,46.2,"[63, 96, 58, 69]",41.5,70.3,3.2,52.7,1.7,High,Rural,Yes,No,Auditory,Intermediate,Medium,,,
S01139,Liam Lee,16,Other,Grade 11,C104,Chemistry,6/15/2023,9/11/2023,Completed,D,97.1,62.6,7,7,2,38,89.6,"[58, 85, 74, 57]",44.3,50.0,0.2,61.3,2.7,Medium,Rural,No,Yes,Visual,Basic,High,,,
S01200,Isla Nguyen,16,Female,Grade 12,C105,English Literature,2/19/2023,,In-progress,,92.2,51.8,1,10,16,29,41.4,"[77, 81, 93, 40]",98.2,80.7,2.5,73.4,3.1,Low,Rural,Yes,Yes,Kinesthetic,Intermediate,High,,,
S01243,Ava Taylor,17,Female,Grade 9,C101,Algebra I,6/5/2023,8/7/2023,Completed,B,68.7,18.0,10,3,26,34,80.5,"[54, 45, 90, 71]",92.9,71.4,4.3,81.6,4.4,Medium,Suburban,No,No,Kinesthetic,Basic,Low,,,
S01009,Mia Singh,16,Female,Grade 10,C102,Biology,7/26/2023,,Dropped,,96.4,68.0,6,7,30,7,96.1,"[75, 50, 46, 52]",46.5,81.0,3.3,74.5,1.3,Low,Suburban,Yes,No,Reading/Writing,Basic,Medium,,,
S01034,Ruby Smith,17,Other,Grade 11,C106,Computer Science,7/21/2023,10/13/2023,Completed,C,63.0,46.4,8,4,11,1,73.7,"[81, 44, 89, 69]",74.1,63.9,2.1,70.6,2.4,High,Rural,Yes,No,Kinesthetic,Intermediate,Medium,,,
S01232,Isla Kumar,14,Male,Grade 12,C108,Economics,7/9/2023,9/28/2023,Completed,C,94.1,24.6,12,0,19,22,50.2,"[60, 67, 98, 80]",80.9,50.0,4.8,60.4,3.3,Medium,Urban,No,Yes,Visual,Basic,High,,,
S01138,Isla Lee,17,Male,Grade 11,C106,Computer Science,7/27/2023,,In-progress,,51.6,69.0,12,4,28,45,72.8,"[66, 95, 63, 59]",97.2,41.9,0.8,70.6,2.7,Medium,Rural,No,No,Visual,Advanced,High,,,
S01020,Leo Martin,17,Other,Grade 10,C102,Biology,3/4/2023,4/12/2023,Completed,C,71.1,115.5,12,4,9,10,81.0,"[77, 94, 72, 41]",72.4,74.8,0.2,76.1,4.7,High,Suburban,No,Yes,Reading/Writing,Advanced,Low,,,
S01091,Mia Wilson,16,Female,Grade 11,C104,Chemistry,3/31/2023,,Dropped,,53.4,101.5,7,6,30,30,71.5,"[49, 79, 74, 68]",70.8,50.5,3.0,64.3,1.7,High,Rural,No,No,Kinesthetic,Advanced,High,,,
S01027,Ava Taylor,16,Male,Grade 11,C106,Computer Science,3/24/2023,5/31/2023,Completed,D,60.6,30.3,10,4,20,39,77.5,"[66, 54, 46, 59]",96.1,63.7,1.8,79.1,1.3,Low,Suburban,No,No,Visual,Advanced,High,,,
S01245,Kai Kumar,14,Other,Grade 11,C106,Computer Science,8/15/2023,11/30/2023,Completed,B,82.3,5.2,7,0,28,0,78.1,"[56, 80, 59, 53]",98.8,82.5,3.4,86.5,2.7,High,Rural,No,No,Visual,Advanced,High,,,
S01192,Max Lee,18,Other,Grade 9,C101,Algebra I,6/27/2023,,In-progress,,79.2,117.3,7,2,27,45,97.0,"[79, 45, 69, 58]",48.0,57.7,2.0,67.6,4.2,Medium,Rural,No,Yes,Visual,Intermediate,High,,,
S01230,Leo Taylor,16,Other,Grade 9,C101,Algebra I,8/18/2023,,Dropped,,90.2,109.4,11,9,3,27,80.7,"[92, 82, 66, 96]",65.9,65.2,0.7,70.6,2.9,Low,Urban,No,No,Kinesthetic,Basic,Low,,,
S01202,Ethan Taylor,17,Other,Grade 9,C103,World History,5/21/2023,9/4/2023,Completed,C,80.4,69.8,3,6,24,35,79.5,"[96, 94, 73, 100]",72.0,76.0,4.6,75.8,2.0,Medium,Suburban,No,Yes,Visual,Intermediate,High,,,
S01107,Ethan Kumar,15,Female,Grade 11,C104,Chemistry,6/29/2023,10/19/2023,Completed,D,57.2,103.1,6,3,6,14,40.2,"[74, 97, 95, 44]",99.6,41.0,0.3,60.3,1.6,High,Rural,Yes,No,Visual,Advanced,Medium,,,
S01191,Ruby Smith,18,Other,Grade 11,C104,Chemistry,1/25/2023,3/21/2023,Completed,C,95.9,13.6,1,3,28,41,47.3,"[53, 52, 64, 81]",43.7,86.9,2.2,59.3,1.5,Medium,Urban,Yes,No,Visual,Basic,High,,,
S01104,Zoe Martin,17,Other,Grade 10,C107,Geometry,5/10/2023,,Dropped,,55.0,105.0,6,0,22,10,74.6,"[94, 93, 41, 47]",78.0,86.4,4.9,79.7,1.5,High,Suburban,No,No,Auditory,Intermediate,High,,,
S01100,Aria Nguyen,15,Female,Grade 9,C101,Algebra I,5/14/2023,9/27/2023,Completed,D,69.9,40.0,4,7,5,27,89.6,"[71, 64, 84, 73]",42.5,99.8,1.5,77.3,4.7,High,Rural,Yes,No,Reading/Writing,Basic,High,,,
S01073,Isla Kumar,15,Female,Grade 11,C106,Computer Science,8/9/2023,,In-progress,,84.6,47.2,12,8,8,5,91.9,"[62, 93, 85, 94]",59.9,47.5,3.6,66.4,1.3,High,Urban,No,No,Visual,Basic,Medium,,,
S01042,Zoe Patel,14,Male,Grade 10,C102,Biology,3/15/2023,7/25/2023,Completed,F,91.9,91.8,0,9,28,2,53.4,"[56, 76, 46, 54]",50.2,96.4,4.8,66.7,3.2,Low,Urban,No,Yes,Kinesthetic,Basic,Medium,,,
S01199,Leo Wilson,16,Other,Grade 10,C107,Geometry,6/21/2023,,Dropped,,67.2,117.0,3,4,14,50,53.0,"[60, 58, 65, 42]",50.8,77.8,0.2,60.5,2.8,High,Suburban,Yes,No,Kinesthetic,Advanced,Medium,,,
S01109,Aria Lee,15,Male,Grade 12,C108,Economics,1/13/2023,,Dropped,,65.0,86.4,12,7,29,3,96.5,"[59, 65, 49, 63]",80.3,87.1,2.8,88.0,4.9,High,Rural,Yes,No,Auditory,Intermediate,Low,,,
S01143,Mia Kumar,18,Other,Grade 10,C102,Biology,3/23/2023,5/13/2023,Completed,C,59.5,23.3,8,7,15,19,56.0,"[57, 63, 77, 55]",54.9,45.8,2.5,52.2,1.4,Medium,Rural,No,No,Auditory,Advanced,Medium,,,
S01227,Ava Singh,17,Other,Grade 9,C101,Algebra I,8/10/2023,9/27/2023,Completed,F,57.7,93.6,3,2,15,5,54.2,"[88, 75, 64, 55]",66.0,40.9,3.4,53.7,2.4,High,Urban,Yes,No,Auditory,Advanced,High,,,
S01164,Ava Brown,16,Male,Grade 10,C107,Geometry,7/31/2023,9/2/2023,Completed,F,55.3,29.4,0,4,6,35,88.2,"[47, 45, 76, 91]",78.8,51.7,1.0,72.9,4.7,Low,Suburban,Yes,Yes,Reading/Writing,Basic,Low,,,
S01117,Mia Taylor,15,Male,Grade 12,C108,Economics,5/28/2023,7/10/2023,Completed,F,86.7,57.7,10,2,22,36,57.3,"[82, 83, 58, 77]",92.9,67.4,0.5,72.5,3.8,Low,Urban,Yes,No,Kinesthetic,Advanced,Low,,,
S01039,Max Wilson,17,Other,Grade 9,C103,World History,6/3/2023,8/28/2023,Completed,A,70.8,52.6,4,3,26,49,92.9,"[92, 78, 52, 93]",65.4,74.2,2.4,77.5,3.4,High,Rural,No,Yes,Reading/Writing,Basic,High,,,
S01076,Mia Martin,14,Male,Grade 10,C107,Geometry,3/20/2023,4/24/2023,Completed,A,70.4,84.3,7,4,1,14,76.6,"[52, 53, 80, 49]",84.4,96.9,1.4,86.0,2.1,Medium,Urban,Yes,No,Auditory,Intermediate,Low,,,
S01152,Aria Kumar,14,Other,Grade 9,C101,Algebra I,6/11/2023,8/31/2023,Completed,F,75.4,118.7,8,0,12,30,83.1,"[61, 74, 51, 80]",57.5,40.1,0.2,60.2,2.5,Medium,Suburban,Yes,No,Visual,Intermediate,Low,,,
S01119,Kai Brown,18,Male,Grade 12,C105,English Literature,2/27/2023,,In-progress,,92.0,99.1,6,8,21,30,73.9,"[46, 80, 88, 65]",49.1,81.8,2.9,68.3,1.9,Medium,Urban,No,Yes,Auditory,Basic,Medium,,,
S01048,Kai Lee,14,Other,Grade 12,C108,Economics,5/9/2023,,In-progress,,80.3,51.2,0,7,27,1,47.2,"[41, 87, 55, 82]",96.2,50.8,1.7,64.7,1.7,Low,Rural,No,No,Kinesthetic,Basic,Low,,,
S01114,Isla Lee,17,Other,Grade 12,C108,Economics,7/28/2023,12/4/2023,Completed,C,56.9,113.6,3,6,13,35,97.6,"[100, 51, 63, 59]",56.7,45.4,2.5,66.6,3.1,High,Rural,Yes,No,Visual,Advanced,High,,,
S01047,Mia Singh,15,Other,Grade 12,C105,English Literature,3/2/2023,6/17/2023,Completed,B,90.7,87.9,12,3,17,27,62.0,"[82, 62, 91, 57]",69.9,52.6,4.3,61.5,1.8,High,Urban,No,Yes,Auditory,Intermediate,Medium,,,
S01194,Ava Kumar,14,Other,Grade 12,C108,Economics,3/1/2023,6/23/2023,Completed,F,81.7,36.5,11,4,18,34,54.0,"[87, 63, 95, 93]",80.1,71.1,2.9,68.4,2.5,Medium,Suburban,Yes,No,Reading/Writing,Basic,High,,,
S01074,Mia Wilson,18,Male,Grade 10,C107,Geometry,8/1/2023,,In-progress,,86.1,47.1,10,5,4,15,86.1,"[71, 79, 66, 47]",61.8,83.0,4.0,77.0,1.8,Low,Suburban,Yes,No,Reading/Writing,Basic,Medium,,,
S01163,Leo Singh,15,Female,Grade 11,C104,Chemistry,1/8/2023,,In-progress,,82.2,72.5,8,5,16,23,75.0,"[62, 71, 92, 71]",48.9,40.7,1.9,54.9,4.7,High,Urban,No,No,Reading/Writing,Intermediate,Low,,,
S01125,Zoe Lee,14,Female,Grade 10,C102,Biology,2/6/2023,6/16/2023,Completed,B,82.6,5.1,0,10,12,17,53.1,"[83, 46, 44, 74]",78.6,94.8,0.8,75.5,2.3,Medium,Rural,Yes,No,Reading/Writing,Intermediate,Medium,,,
S01142,Zoe Brown,16,Other,Grade 11,C104,Chemistry,7/1/2023,11/5/2023,Completed,D,74.5,77.5,9,5,17,30,81.3,"[54, 61, 72, 97]",76.8,77.9,1.5,78.7,1.9,Medium,Suburban,No,No,Auditory,Advanced,Medium,,,
S01237,Kai Lee,18,Other,Grade 12,C108,Economics,3/15/2023,8/6/2023,Completed,B,52.8,63.4,2,1,19,4,49.3,"[75, 73, 85, 43]",57.8,98.1,3.4,68.4,1.9,Low,Rural,Yes,Yes,Visual,Intermediate,High,,,
S01163,Liam Brown,15,Other,Grade 10,C102,Biology,1/7/2023,,In-progress,,80.1,69.5,11,10,22,34,54.7,"[84, 73, 75, 42]",48.4,46.1,2.1,49.7,2.8,Medium,Urban,Yes,No,Kinesthetic,Intermediate,Low,,,
S01155,Isla Martin,14,Other,Grade 12,C108,Economics,3/14/2023,5/5/2023,Completed,D,82.3,50.5,5,9,26,48,59.4,"[60, 69, 49, 90]",41.0,43.1,0.2,47.8,2.1,High,Rural,Yes,Yes,Auditory,Intermediate,Low,,,
S01202,Ruby Singh,14,Male,Grade 9,C103,World History,3/25/2023,6/24/2023,Completed,F,69.4,106.5,12,8,11,31,92.4,"[93, 53, 45, 68]",91.1,98.1,2.6,93.9,1.7,High,Suburban,No,No,Reading/Writing,Intermediate,High,,,
S01208,Ruby Wilson,14,Other,Grade 12,C108,Economics,4/22/2023,7/23/2023,Completed,C,58.9,46.0,0,7,10,19,42.4,"[43, 76, 62, 66]",92.1,67.6,3.2,67.4,3.4,Medium,Rural,Yes,No,Auditory,Basic,Low,,,
S01131,Ava Taylor,17,Male,Grade 10,C102,Biology,8/24/2023,10/2/2023,Completed,F,74.4,91.1,8,6,12,0,62.5,"[85, 50, 66, 98]",85.4,49.7,1.5,65.9,2.7,Medium,Rural,No,No,Kinesthetic,Advanced,High,,,
S01028,Kai Nguyen,18,Male,Grade 11,C104,Chemistry,1/10/2023,,In-progress,,88.4,88.4,0,9,0,9,51.1,"[55, 77, 66, 49]",85.8,88.4,1.7,75.1,4.8,Low,Suburban,No,No,Visual,Intermediate,Medium,,,
S01005,Kai Smith,16,Female,Grade 9,C103,World History,5/31/2023,,In-progress,,66.1,117.2,11,6,25,40,48.5,"[62, 44, 82, 80]",46.7,71.6,4.8,55.6,3.6,Low,Rural,No,No,Auditory,Intermediate,Medium,,,
S01149,Leo Singh,18,Male,Grade 11,C106,Computer Science,8/28/2023,12/6/2023,Completed,A,76.9,63.2,2,5,28,4,54.3,"[58, 59, 85, 44]",63.7,80.3,4.4,66.1,2.5,Low,Suburban,No,Yes,Kinesthetic,Advanced,Low,,,
S01081,Liam Lee,15,Other,Grade 10,C102,Biology,2/20/2023,7/3/2023,Completed,F,87.8,119.1,4,6,19,17,45.0,"[53, 69, 74, 75]",51.8,72.5,2.5,56.4,1.7,High,Suburban,No,No,Kinesthetic,Advanced,Low,,,
S01173,Noah Singh,17,Male,Grade 10,C102,Biology,1/31/2023,6/2/2023,Completed,B,91.9,88.4,4,9,18,17,81.7,"[94, 50, 62, 52]",98.7,84.5,3.8,88.3,4.2,Medium,Suburban,No,No,Reading/Writing,Advanced,Medium,,,
S01069,Isla Singh,18,Other,Grade 10,C107,Geometry,8/19/2023,5/5/2023,Completed,A,54.2,54.3,7,2,1,16,80.1,"[90, 95, 99, 72]",87.9,83.5,1.9,83.8,1.8,Medium,Suburban,No,No,Reading/Writing,Intermediate,Low,,,
S01021,Liam Kumar,17,Male,Grade 9,C101,Algebra I,2/9/2023,3/13/2023,Completed,C,83.9,73.2,8,10,9,2,80.4,"[69, 67, 56, 85]",56.3,79.7,1.1,72.1,4.9,Low,Urban,Yes,No,Auditory,Basic,Medium,,,
S01201,Isla Smith,14,Male,Grade 10,C102,Biology,3/28/2023,,Dropped,,94.1,20.0,3,3,17,24,58.3,"[80, 96, 99, 100]",54.4,88.6,3.5,67.1,2.3,Medium,Rural,Yes,Yes,Auditory,Advanced,Medium,,,
S01193,Mia Smith,17,Other,Grade 12,C108,Economics,3/15/2023,,In-progress,,82.7,117.0,6,3,20,1,67.0,"[57, 72, 60, 68]",95.4,50.7,3.1,71.0,1.6,High,Rural,Yes,No,Visual,Intermediate,High,,,
S01223,Ethan Martin,17,Male,Grade 10,C102,Biology,5/15/2023,9/4/2023,Completed,B,85.8,61.2,8,7,25,3,44.7,"[73, 70, 74, 49]",73.9,43.7,2.3,54.1,3.1,Medium,Rural,Yes,No,Kinesthetic,Advanced,Low,,,
S01112,Liam Brown,17,Female,Grade 12,C108,Economics,7/7/2023,,Dropped,,51.6,23.0,8,5,29,7,89.4,"[83, 48, 82, 92]",48.7,47.6,3.0,61.9,2.6,Low,Suburban,No,Yes,Auditory,Basic,Medium,,,
S01204,Kai Patel,18,Female,Grade 12,C105,English Literature,8/24/2023,10/4/2023,Completed,D,59.3,78.1,11,10,29,11,80.3,"[47, 62, 48, 63]",58.8,54.3,2.8,64.5,3.0,Low,Urban,No,No,Visual,Intermediate,Low,,,
S01210,Mia Nguyen,18,Male,Grade 12,C105,English Literature,5/10/2023,,In-progress,,78.8,29.5,11,7,8,40,66.0,"[64, 77, 67, 86]",72.4,52.0,2.7,63.5,3.5,Medium,Rural,Yes,No,Kinesthetic,Intermediate,Low,,,
S01050,Ava Martin,14,Other,Grade 9,C103,World History,8/3/2023,10/20/2023,Completed,D,89.6,9.9,4,4,0,14,57.4,"[65, 73, 55, 41]",49.7,62.4,3.2,56.5,3.8,Low,Suburban,Yes,No,Reading/Writing,Basic,High,,,
S01025,Ruby Smith,16,Other,Grade 12,C108,Economics,1/4/2023,,In-progress,,93.0,48.7,5,10,22,48,64.6,"[68, 98, 60, 82]",79.3,49.3,2.4,64.4,3.2,High,Urban,Yes,No,Auditory,Advanced,Low,,,
S01113,Max Martin,14,Male,Grade 11,C104,Chemistry,4/8/2023,8/18/2023,Completed,B,56.0,61.2,9,5,23,20,64.0,"[89, 46, 51, 95]",52.3,62.8,2.1,59.7,1.8,Low,Rural,No,No,Kinesthetic,Advanced,Low,,,
S01036,Kai Kumar,16,Male,Grade 12,C105,English Literature,5/21/2023,,In-progress,,53.6,86.7,7,4,15,16,87.8,"[67, 50, 58, 44]",93.7,69.9,3.8,83.8,2.8,Low,Urban,No,Yes,Kinesthetic,Intermediate,Medium,,,
S01082,Noah Smith,14,Other,Grade 9,C101,Algebra I,1/29/2023,5/8/2023,Completed,F,95.7,81.3,4,2,22,21,94.5,"[85, 72, 64, 82]",82.0,73.6,2.7,83.4,2.6,Medium,Urban,No,Yes,Kinesthetic,Basic,Medium,,,
S01125,Zoe Lee,14,Female,Grade 10,C102,Biology,2/6/2023,6/16/2023,Completed,B,82.6,5.1,0,10,12,17,53.1,"[83, 46, 44, 74]",78.6,94.8,0.8,75.5,2.3,Medium,Rural,Yes,No,Reading/Writing,Intermediate,Medium,,,
S01063,Ethan Martin,17,Male,Grade 10,C102,Biology,3/31/2023,5/17/2023,Completed,D,89.4,71.5,12,10,7,10,83.2,"[65, 50, 65, 93]",42.9,66.3,2.3,64.1,4.2,Low,Suburban,Yes,No,Kinesthetic,Basic,Low,,,
S01154,Kai Singh,16,Other,Grade 9,C103,World History,7/14/2023,,In-progress,,65.8,55.6,7,7,20,19,44.5,"[68, 74, 75, 81]",97.1,77.7,4.0,73.1,3.4,Medium,Rural,Yes,No,Reading/Writing,Intermediate,Low,,,
S01156,Ruby Brown,15,Female,Grade 11,C104,Chemistry,4/17/2023,6/15/2023,Completed,F,95.5,54.5,12,2,20,36,65.6,"[67, 48, 79, 75]",58.7,76.3,4.6,66.9,2.3,High,Rural,Yes,No,Kinesthetic,Basic,High,,,
S01115,Kai Brown,16,Other,Grade 12,C105,English Literature,7/29/2023,11/19/2023,Completed,A,82.9,67.0,6,3,16,43,67.2,"[84, 93, 77, 62]",86.6,70.4,2.5,74.7,3.2,High,Suburban,No,No,Kinesthetic,Basic,Low,,,
S01012,Ava Taylor,14,Other,Grade 9,C101,Algebra I,3/14/2023,8/1/2023,Completed,F,59.7,68.6,1,6,16,28,57.1,"[48, 56, 62, 64]",40.5,46.4,3.8,48.0,2.1,High,Rural,Yes,No,Visual,Intermediate,Medium,,,
S01078,Max Lee,14,Male,Grade 11,C106,Computer Science,3/19/2023,4/15/2023,Completed,F,67.4,105.1,6,7,18,19,87.5,"[43, 94, 93, 53]",48.5,75.4,2.8,70.5,4.6,Medium,Suburban,Yes,No,Reading/Writing,Intermediate,High,,,
S01057,Ava Lee,17,Other,Grade 9,C103,World History,3/15/2023,5/18/2023,Completed,F,92.6,118.6,2,10,11,13,97.8,"[50, 84, 66, 58]",63.3,55.4,4.7,72.2,2.7,Medium,Suburban,No,No,Reading/Writing,Intermediate,Medium,,,
S01066,Noah Singh,17,Other,Grade 9,C101,Algebra I,6/25/2023,8/23/2023,Completed,D,59.2,118.4,12,7,16,18,79.5,"[56, 95, 78, 62]",48.6,74.1,1.4,67.4,2.7,High,Urban,No,Yes,Kinesthetic,Intermediate,Medium,,,
S01231,Aria Wilson,15,Male,Grade 9,C103,World History,2/8/2023,4/16/2023,Completed,D,80.3,62.4,6,2,15,42,53.0,"[56, 52, 70, 49]",41.0,68.3,0.3,54.1,4.8,Low,Suburban,No,No,Auditory,Basic,High,,,
S01059,Aria Nguyen,14,Other,Grade 10,C107,Geometry,6/24/2023,,In-progress,,81.9,115.0,6,9,29,41,68.5,"[41, 96, 67, 81]",48.7,92.2,4.3,69.8,2.3,Medium,Urban,No,No,Reading/Writing,Advanced,High,,,
S01166,Liam Nguyen,16,Male,Grade 11,C106,Computer Science,7/22/2023,8/20/2023,Completed,B,77.4,88.6,8,6,3,49,57.2,"[48, 82, 67, 40]",89.8,81.8,1.4,76.3,2.2,Low,Urban,No,No,Visual,Basic,Medium,,,
S01064,Liam Taylor,15,Other,Grade 12,C108,Economics,4/7/2023,6/28/2023,Completed,B,90.0,52.4,5,8,17,0,85.4,"[68, 75, 42, 47]",97.7,67.5,3.5,83.5,2.1,Medium,Urban,No,No,Visual,Advanced,Low,,,
S01189,Ava Taylor,16,Other,Grade 11,C104,Chemistry,7/18/2023,,In-progress,,63.2,23.5,4,0,10,29,51.6,"[44, 98, 84, 47]",66.9,99.0,3.5,72.5,1.6,Low,Suburban,Yes,No,Reading/Writing,Advanced,High,,,
S01119,Ethan Singh,17,Female,Grade 9,C103,World History,1/18/2023,4/5/2023,Completed,F,77.1,80.8,1,9,4,6,60.7,"[57, 95, 66, 84]",40.8,51.6,3.7,51.0,2.1,Medium,Rural,Yes,No,Reading/Writing,Intermediate,High,,,
S01007,Noah Smith,15,Male,Grade 11,C106,Computer Science,8/14/2023,,Dropped,,51.3,118.4,9,4,19,36,97.7,"[89, 78, 84, 49]",58.2,84.7,3.1,80.2,3.4,Low,Rural,Yes,No,Visual,Advanced,Medium,,,
S01241,Zoe Smith,15,Female,Grade 10,C107,Geometry,7/7/2023,8/28/2023,Completed,A,98.4,97.4,11,3,23,4,89.9,"[82, 91, 67, 66]",57.7,46.6,1.6,64.7,3.0,Medium,Suburban,Yes,No,Visual,Intermediate,Low,,,
S01148,Liam Patel,17,Female,Grade 11,C104,Chemistry,3/31/2023,5/25/2023,Completed,A,54.6,53.9,2,7,6,28,82.9,"[60, 75, 89, 62]",71.2,54.9,0.4,69.7,3.7,Medium,Rural,No,No,Reading/Writing,Advanced,Medium,,,
S01026,Liam Singh,14,Male,Grade 12,C108,Economics,5/24/2023,9/17/2023,Completed,B,68.0,82.4,9,6,26,25,76.4,"[43, 46, 90, 79]",92.2,80.1,3.6,82.9,1.2,High,Suburban,No,Yes,Reading/Writing,Advanced,High,,,
S01110,Noah Wilson,17,Female,Grade 10,C107,Geometry,5/8/2023,9/14/2023,Completed,F,74.0,15.1,6,2,13,12,50.4,"[57, 93, 42, 77]",52.9,51.2,3.2,51.5,4.2,Low,Rural,Yes,No,Kinesthetic,Intermediate,High,,,
S01211,Mia Nguyen,16,Male,Grade 9,C101,Algebra I,3/4/2023,6/2/2023,Completed,A,92.9,60.6,7,6,17,35,41.6,"[53, 93, 66, 89]",53.5,81.7,5.0,58.9,1.8,Low,Rural,No,No,Kinesthetic,Advanced,Medium,,,
S01117,Liam Nguyen,14,Other,Grade 10,C107,Geometry,6/4/2023,,In-progress,,52.5,6.3,4,0,9,28,95.2,"[88, 80, 96, 45]",68.8,75.8,1.9,79.9,3.3,Low,Urban,Yes,No,Auditory,Advanced,Low,,,
S01229,Ava Taylor,15,Male,Grade 10,C107,Geometry,6/29/2023,,In-progress,,64.6,102.9,12,6,22,47,67.5,"[70, 78, 64, 76]",84.9,74.8,1.6,75.7,2.8,Low,Urban,Yes,No,Visual,Basic,Low,,,
S01175,Ava Kumar,14,Female,Grade 11,C106,Computer Science,2/9/2023,,In-progress,,72.5,7.6,3,8,6,13,91.2,"[97, 96, 92, 89]",46.7,43.3,2.7,60.4,4.0,High,Suburban,Yes,Yes,Reading/Writing,Advanced,High,,,
S01077,Kai Singh,15,Female,Grade 12,C105,English Literature,5/7/2023,7/8/2023,Completed,A,56.8,5.8,6,5,26,39,66.1,"[45, 55, 55, 78]",65.3,69.1,1.9,66.8,4.4,Medium,Suburban,No,No,Kinesthetic,Intermediate,High,,,
S01089,Max Brown,14,Male,Grade 10,C107,Geometry,1/18/2023,3/19/2023,Completed,D,87.8,53.3,1,0,19,16,53.9,"[81, 59, 54, 86]",79.9,70.0,0.6,67.9,4.4,Low,Suburban,No,Yes,Auditory,Intermediate,Low,,,
S01055,Isla Brown,15,Female,Grade 12,C108,Economics,6/28/2023,11/28/2023,Completed,B,60.0,6.8,0,0,10,12,78.5,"[63, 58, 43, 40]",83.0,93.8,3.4,85.1,1.3,Low,Rural,Yes,No,Visual,Intermediate,High,,,
S01239,Mia Taylor,16,Male,Grade 9,C101,Algebra I,7/11/2023,,Dropped,,78.6,60.6,5,3,20,36,63.1,"[51, 49, 42, 88]",42.9,51.9,2.0,52.6,5.0,Medium,Rural,No,No,Visual,Advanced,Medium,,,
S01035,Ava Wilson,17,Male,Grade 12,C108,Economics,2/18/2023,5/26/2023,Completed,B,69.9,64.5,1,7,25,5,66.1,"[66, 57, 63, 89]",60.4,79.2,1.7,68.6,3.9,High,Suburban,Yes,No,Kinesthetic,Basic,High,,,
S01064,Ethan Lee,17,Female,Grade 10,C102,Biology,2/20/2023,,In-progress,,80.8,40.2,9,2,18,36,69.2,"[79, 46, 77, 94]",59.9,47.7,1.8,58.9,2.3,Medium,Urban,Yes,No,Auditory,Basic,High,,,
S01042,Max Patel,15,Other,Grade 9,C103,World History,3/16/2023,5/27/2023,Completed,D,50.5,52.9,2,7,2,0,88.2,"[76, 68, 53, 60]",97.1,62.3,1.6,82.5,1.8,High,Urban,No,No,Visual,Basic,High,,,
S01046,Leo Smith,15,Male,Grade 9,C101,Algebra I,5/1/2023,9/17/2023,Completed,C,54.7,104.8,2,2,23,32,66.2,"[42, 61, 83, 69]",99.7,95.6,4.1,87.2,3.3,High,Rural,Yes,Yes,Auditory,Intermediate,Low,,,
S01017,Aria Taylor,14,Male,Grade 9,C103,World History,1/3/2023,5/19/2023,Completed,F,86.1,66.6,4,0,16,44,62.4,"[77, 69, 69, 40]",77.1,80.0,3.4,73.2,4.2,Low,Urban,Yes,No,Auditory,Basic,High,,,
S01218,Zoe Wilson,15,Other,Grade 10,C102,Biology,4/26/2023,9/6/2023,Completed,B,89.7,63.5,1,3,25,8,99.8,"[99, 80, 83, 73]",88.6,98.1,1.2,95.5,3.0,Medium,Rural,No,No,Auditory,Advanced,Low,,,
S01227,Ruby Kumar,18,Other,Grade 10,C107,Geometry,4/23/2023,7/18/2023,Completed,F,54.8,81.1,3,7,11,42,79.3,"[71, 85, 83, 53]",40.7,92.1,3.4,70.7,2.5,High,Rural,Yes,Yes,Auditory,Advanced,Medium,,,
S01181,Zoe Wilson,18,Female,Grade 9,C101,Algebra I,5/28/2023,10/28/2023,Completed,F,68.3,36.7,10,6,24,13,40.4,"[59, 62, 49, 79]",79.3,81.3,2.1,67.0,4.1,Medium,Urban,No,No,Kinesthetic,Intermediate,High,,,
S01019,Aria Wilson,15,Other,Grade 12,C105,English Literature,8/29/2023,1/22/2024,Completed,C,65.9,67.3,1,0,11,26,82.3,"[92, 67, 58, 62]",88.8,93.9,3.5,88.3,3.5,Medium,Urban,Yes,No,Auditory,Intermediate,High,,,
S01073,Mia Nguyen,17,Female,Grade 9,C101,Algebra I,8/21/2023,,In-progress,,59.3,91.1,4,0,0,19,79.1,"[91, 42, 95, 65]",53.9,84.3,2.8,72.4,1.4,Medium,Suburban,No,No,Auditory,Advanced,Medium,,,
S01079,Max Singh,17,Other,Grade 11,C104,Chemistry,7/8/2023,9/28/2023,Completed,C,56.7,41.5,12,0,16,50,77.2,"[58, 49, 52, 42]",43.6,62.5,4.9,61.1,3.6,Medium,Urban,Yes,No,Kinesthetic,Basic,Low,,,
S01212,Liam Martin,15,Female,Grade 9,C101,Algebra I,2/1/2023,,Dropped,,69.5,115.5,5,2,20,46,82.9,"[55, 100, 52, 84]",63.1,98.5,0.2,81.5,4.7,High,Urban,No,No,Kinesthetic,Basic,Medium,,,
S01203,Leo Martin,17,Male,Grade 11,C106,Computer Science,5/23/2023,,Dropped,,80.3,64.3,5,9,10,10,85.3,"[70, 43, 48, 60]",51.9,70.5,2.0,69.2,3.5,Medium,Rural,No,No,Kinesthetic,Intermediate,Low,,,
,Leo Martin,16,Female,Grade 10,C107,Geometry,6/25/2023,11/16/2023,Completed,C,92.2,116.8,1,2,13,34,79.2,"[43, 65, 85, 47]",80.2,65.3,3.8,74.9,4.5,Low,Urban,Yes,No,Kinesthetic,Basic,High,,,
S01172,Ethan Taylor,18,Other,Grade 12,C108,Economics,7/18/2023,,In-progress,,70.2,109.3,1,2,10,14,93.4,"[78, 49, 50, 88]",62.9,57.2,1.6,71.2,3.6,High,Suburban,No,No,Reading/Writing,Intermediate,High,,,
S01244,Ava Singh,17,Other,Grade 10,C102,Biology,8/28/2023,,Dropped,,76.2,55.7,4,3,26,36,73.9,"[84, 72, 47, 93]",99.9,77.8,1.5,83.9,2.0,Low,Suburban,Yes,No,Kinesthetic,Advanced,Low,,,
S01218,Liam Lee,17,Other,Grade 12,C108,Economics,8/11/2023,1/3/2024,Completed,D,54.4,62.3,5,1,15,47,59.2,"[70, 73, 63, 89]",59.9,56.7,3.3,58.6,1.4,Medium,Urban,Yes,Yes,Kinesthetic,Advanced,High,,,
S01202,Noah Taylor,14,Other,Grade 9,C103,World History,7/25/2023,11/23/2023,Completed,B,57.7,68.9,12,5,0,30,49.9,"[93, 58, 45, 54]",40.1,48.8,0.8,46.3,1.4,High,Rural,No,No,Reading/Writing,Advanced,Medium,,,
S01182,Max Lee,17,Male,Grade 10,C102,Biology,8/25/2023,,In-progress,,97.4,21.5,9,4,29,23,67.9,"[95, 68, 67, 81]",47.9,88.8,2.0,68.2,3.8,High,Suburban,No,No,Reading/Writing,Basic,Low,,,
S01048,Leo Martin,17,Male,Grade 10,C102,Biology,7/16/2023,10/14/2023,Completed,D,78.7,5.7,6,0,0,14,67.9,"[49, 60, 51, 75]",93.4,99.7,1.6,87.0,1.6,Low,Rural,No,No,Auditory,Advanced,Medium,,,
S01064,Kai Martin,18,Female,Grade 11,C104,Chemistry,1/31/2023,,In-progress,,99.0,100.8,4,3,11,11,58.9,"[81, 51, 84, 57]",84.6,97.1,1.5,80.2,3.8,Low,Suburban,Yes,Yes,Kinesthetic,Advanced,Low,,,
S01242,Isla Kumar,14,Other,Grade 11,C104,Chemistry,5/3/2023,9/1/2023,Completed,B,79.6,67.7,10,8,0,46,98.1,"[69, 75, 55, 63]",57.5,81.7,2.3,79.1,3.8,Medium,Suburban,Yes,No,Reading/Writing,Basic,High,,,
S01154,Leo Lee,15,Other,Grade 12,C105,English Literature,4/20/2023,7/30/2023,Completed,B,85.4,117.6,0,1,0,29,55.6,"[96, 77, 70, 84]",74.5,77.4,3.1,69.2,1.5,Low,Rural,No,No,Visual,Intermediate,Medium,,,
S01096,Zoe Patel,17,Other,Grade 10,C107,Geometry,6/30/2023,10/7/2023,Completed,D,74.5,95.7,10,1,17,27,90.3,"[76, 53, 50, 78]",59.0,44.7,3.3,64.7,1.7,Medium,Suburban,No,No,Auditory,Advanced,High,,,
S01066,Isla Kumar,18,Male,Grade 12,C108,Economics,6/17/2023,,In-progress,,83.1,102.5,12,9,21,10,61.9,"[84, 57, 68, 71]",53.4,86.3,3.8,67.2,1.6,Low,Urban,Yes,No,Kinesthetic,Basic,Low,,,
S01141,Zoe Wilson,18,Female,Grade 11,C104,Chemistry,2/1/2023,3/29/2023,Completed,C,91.4,14.7,4,9,12,31,42.2,"[86, 97, 41, 90]",54.1,66.4,0.1,54.2,2.5,Medium,Urban,Yes,No,Reading/Writing,Basic,High,,,
S01220,Mia Patel,14,Male,Grade 11,C104,Chemistry,4/29/2023,,In-progress,,82.2,37.8,6,4,10,39,79.6,"[88, 81, 98, 68]",56.6,51.6,4.0,62.6,4.0,Low,Urban,Yes,No,Auditory,Basic,Medium,,,
S01002,Ethan Singh,17,Female,Grade 9,C101,Algebra I,3/26/2023,,In-progress,,66.9,25.2,4,1,25,35,58.8,"[49, 53, 90, 62]",94.1,52.2,0.8,68.4,4.5,Low,Suburban,Yes,No,Auditory,Advanced,High,,,
S01135,Liam Wilson,15,Other,Grade 12,C108,Economics,5/13/2023,6/14/2023,Completed,D,69.6,16.6,11,4,15,13,78.8,"[43, 42, 56, 44]",97.5,53.2,0.9,76.5,1.8,High,Suburban,No,Yes,Visual,Basic,High,,,
S01176,Aria Wilson,17,Other,Grade 11,C106,Computer Science,5/5/2023,9/14/2023,Completed,D,98.3,6.9,5,0,10,50,84.1,"[83, 76, 69, 44]",48.4,51.6,3.6,61.4,2.6,Low,Rural,No,No,Auditory,Basic,Low,,,
S01124,Isla Kumar,16,Male,Grade 10,C107,Geometry,6/16/2023,11/17/2023,Completed,C,67.2,80.4,12,4,5,22,54.8,"[59, 95, 45, 80]",44.3,86.6,3.1,61.9,5.0,Medium,Rural,Yes,No,Visual,Basic,Low,,,
S01155,Mia Singh,14,Male,Grade 11,C106,Computer Science,3/27/2023,,Dropped,,80.5,97.9,8,8,25,37,93.8,"[58, 42, 62, 57]",62.5,96.5,3.6,84.3,4.8,Medium,Rural,Yes,No,Reading/Writing,Advanced,Low,,,
S01081,Isla Wilson,17,Male,Grade 9,C103,World History,3/25/2023,6/9/2023,Completed,B,66.8,59.7,11,0,17,25,49.2,"[98, 85, 75, 45]",80.4,99.8,1.3,76.5,2.6,Medium,Rural,Yes,No,Reading/Writing,Advanced,Low,,,
S01042,Liam Singh,17,Female,Grade 12,C108,Economics,3/31/2023,,In-progress,,98.2,41.2,2,3,8,41,77.7,"[81, 92, 45, 46]",49.1,64.7,0.4,63.8,3.2,High,Rural,No,Yes,Kinesthetic,Basic,High,,,
S01178,Aria Kumar,16,Female,Grade 9,C103,World History,6/22/2023,10/23/2023,Completed,C,72.6,58.7,2,9,18,10,41.9,"[78, 74, 61, 52]",91.1,98.1,3.1,77.0,3.3,Medium,Urban,No,No,Auditory,Intermediate,High,,,
S01035,Max Patel,15,Female,Grade 12,C108,Economics,8/16/2023,,Dropped,,56.3,20.0,1,6,22,48,71.4,"[58, 85, 47, 48]",98.2,50.3,3.9,73.3,1.3,Medium,Suburban,Yes,No,Visual,Basic,High,,,
S01225,Aria Taylor,14,Other,Grade 9,C101,Algebra I,2/14/2023,4/26/2023,Completed,A,62.1,61.2,7,2,30,30,90.2,"[95, 82, 56, 89]",55.0,67.4,2.9,70.9,2.4,Low,Suburban,Yes,No,Visual,Intermediate,Low,,,
S01198,Ethan Brown,16,Female,Grade 12,C105,English Literature,4/8/2023,7/28/2023,Completed,D,52.3,104.4,11,2,0,16,58.5,"[68, 88, 83, 86]",61.6,93.0,2.8,71.0,3.3,High,Suburban,No,No,Auditory,Intermediate,Low,,,
S01174,Mia Brown,18,Female,Grade 11,C106,Computer Science,1/25/2023,6/29/2023,Completed,B,76.8,117.2,1,10,29,9,40.8,"[88, 74, 62, 44]",59.6,58.4,3.0,52.9,3.3,Medium,Rural,Yes,No,Reading/Writing,Basic,High,,,
S01219,Isla Smith,16,Other,Grade 11,C104,Chemistry,6/18/2023,,Dropped,,83.9,108.4,7,8,5,16,61.4,"[82, 66, 52, 45]",41.9,74.7,4.6,59.3,2.4,Medium,Suburban,No,No,Kinesthetic,Basic,Low,,,
S01052,Max Wilson,14,Female,Grade 9,C101,Algebra I,4/2/2023,,In-progress,,69.4,115.0,10,5,30,35,46.1,"[92, 85, 74, 54]",92.1,84.4,0.3,74.2,4.0,Low,Rural,No,No,Kinesthetic,Advanced,High,,,
S01084,Noah Singh,18,Male,Grade 10,C102,Biology,8/25/2023,12/17/2023,Completed,D,60.4,109.3,4,0,6,12,45.5,"[56, 80, 76, 92]",83.5,51.4,4.8,60.1,1.5,Medium,Urban,Yes,No,Auditory,Advanced,Medium,,,
S01077,Max Taylor,18,Male,Grade 11,C104,Chemistry,3/6/2023,7/12/2023,Completed,C,85.1,98.4,9,10,29,5,87.3,"[69, 64, 70, 95]",44.4,99.4,0.5,77.0,2.0,High,Suburban,Yes,Yes,Reading/Writing,Intermediate,Medium,,,
S01248,Isla Wilson,17,Female,Grade 9,C101,Algebra I,2/17/2023,,Dropped,,73.2,96.0,5,1,26,48,56.9,"[40, 45, 41, 53]",47.5,66.3,4.8,56.9,1.2,Medium,Urban,No,No,Auditory,Intermediate,Medium,,,
S01064,Max Lee,14,Other,Grade 12,C105,English Literature,7/13/2023,8/17/2023,Completed,A,65.9,93.7,5,10,19,43,43.8,"[77, 89, 45, 86]",60.7,84.0,4.8,62.8,3.3,High,Suburban,No,No,Reading/Writing,Intermediate,Medium,,,
S01202,Ruby Kumar,17,Male,Grade 9,C103,World History,3/6/2023,,Dropped,,66.8,75.0,9,7,12,32,76.0,"[81, 98, 82, 60]",98.9,81.8,3.2,85.6,1.9,High,Rural,Yes,No,Visual,Advanced,Low,,,
S01069,Liam Kumar,18,Female,Grade 9,C103,World History,1/8/2023,4/9/2023,Completed,A,95.0,51.8,5,10,21,5,79.5,"[98, 69, 41, 92]",50.6,91.2,2.0,73.8,4.4,Low,Urban,Yes,Yes,Kinesthetic,Intermediate,Low,,,
S01157,Liam Brown,14,Female,Grade 9,C101,Algebra I,2/10/2023,5/6/2023,Completed,B,61.0,88.7,2,4,8,30,95.6,"[41, 71, 49, 92]",51.6,41.8,1.0,63.0,1.4,High,Rural,No,No,Reading/Writing,Intermediate,High,,,
S01110,Kai Brown,14,Female,Grade 9,C101,Algebra I,6/19/2023,11/24/2023,Completed,F,71.7,54.2,11,0,25,6,85.8,"[85, 60, 90, 56]",96.2,94.6,2.8,92.2,4.8,High,Suburban,No,No,Kinesthetic,Basic,Medium,,,
S01163,Zoe Smith,16,Other,Grade 12,C108,Economics,6/21/2023,11/23/2023,Completed,B,83.0,89.6,3,1,2,31,54.4,"[57, 86, 69, 46]",68.7,69.4,0.3,64.2,1.1,Low,Suburban,No,No,Reading/Writing,Basic,Medium,,,
S01206,Ava Lee,17,Female,Grade 10,C102,Biology,4/24/2023,8/27/2023,Completed,A,88.3,96.8,9,3,25,0,55.6,"[89, 91, 61, 68]",58.2,40.0,2.7,51.3,1.8,High,Suburban,No,No,Auditory,Advanced,High,,,
S01028,Ava Smith,18,Other,Grade 9,C101,Algebra I,7/15/2023,,In-progress,,90.9,103.1,1,3,4,30,96.1,"[56, 96, 76, 88]",47.9,86.2,3.8,76.7,4.6,Low,Suburban,No,No,Auditory,Basic,Low,,,
S01179,Noah Martin,18,Other,Grade 12,C105,English Literature,7/4/2023,,In-progress,,82.6,85.2,12,10,12,49,94.6,"[72, 95, 82, 67]",40.5,56.8,1.0,64.0,2.2,Low,Rural,No,No,Auditory,Advanced,High,,,
S01246,Ruby Brown,18,Other,Grade 12,C105,English Literature,6/17/2023,,Dropped,,64.1,23.6,8,9,2,19,40.0,"[76, 90, 63, 61]",96.0,68.9,0.4,68.3,3.8,Low,Rural,No,No,Auditory,Advanced,High,,,
S01143,Aria Wilson,14,Other,Grade 9,C101,Algebra I,1/11/2023,6/15/2023,Completed,C,93.9,107.4,0,8,30,17,58.3,"[41, 81, 61, 58]",69.4,84.7,1.1,70.8,2.4,Medium,Rural,Yes,Yes,Reading/Writing,Advanced,High,,,
S01160,Mia Taylor,17,Female,Grade 12,C108,Economics,6/29/2023,,Dropped,,73.8,93.2,9,5,29,28,81.4,"[80, 49, 67, 85]",94.2,98.6,2.9,91.4,1.7,Low,Suburban,No,No,Visual,Intermediate,Low,,,
S01227,Max Kumar,15,Female,Grade 11,C106,Computer Science,1/3/2023,2/28/2023,Completed,F,57.1,26.2,9,4,6,7,47.4,"[72, 97, 58, 85]",40.3,75.8,0.9,54.5,4.2,Low,Rural,No,Yes,Kinesthetic,Advanced,Low,,,
S01086,Leo Martin,17,Female,Grade 11,C106,Computer Science,6/20/2023,11/22/2023,Completed,C,60.7,21.3,1,8,20,28,52.4,"[52, 92, 80, 77]",53.0,51.5,1.5,52.3,4.3,High,Suburban,Yes,No,Auditory,Intermediate,High,,,
S01064,Ruby Kumar,16,Male,Grade 10,C107,Geometry,3/17/2023,8/19/2023,Completed,C,56.1,41.6,0,5,6,29,61.1,"[59, 87, 61, 44]",41.8,50.8,2.8,51.2,2.3,Low,Rural,Yes,No,Kinesthetic,Advanced,Low,,,
S01153,Ethan Singh,17,Male,Grade 11,C104,Chemistry,7/30/2023,10/6/2023,Completed,A,73.4,105.2,11,6,21,13,65.1,"[57, 56, 77, 94]",64.5,48.8,3.6,59.5,3.8,High,Rural,No,Yes,Visual,Advanced,Low,,,
S01125,Noah Taylor,16,Other,Grade 11,C106,Computer Science,5/29/2023,10/29/2023,Completed,C,60.4,85.5,8,8,26,47,67.0,"[42, 90, 63, 72]",77.9,89.9,4.0,78.3,1.4,Low,Suburban,Yes,No,Kinesthetic,Basic,Low,,,
S01068,Noah Patel,17,Other,Grade 10,C107,Geometry,1/24/2023,,In-progress,,81.5,65.3,4,7,13,5,88.7,"[66, 42, 61, 68]",76.8,66.0,4.5,77.2,2.9,Low,Urban,No,No,Reading/Writing,Intermediate,High,,,
S01111,Noah Kumar,18,Other,Grade 10,C102,Biology,8/10/2023,,Dropped,,89.0,69.7,8,8,1,34,51.0,"[71, 49, 81, 87]",89.2,93.1,1.8,77.8,1.9,High,Urban,No,No,Visual,Advanced,Low,,,
S01060,Kai Smith,18,Female,Grade 9,C103,World History,6/19/2023,11/10/2023,Completed,C,74.7,80.9,1,3,26,8,46.9,"[46, 67, 58, 64]",75.8,59.5,4.4,60.7,4.6,High,Urban,Yes,No,Reading/Writing,Advanced,Medium,,,
S01074,Zoe Lee,14,Other,Grade 12,C105,English Literature,6/20/2023,11/13/2023,Completed,D,50.6,39.8,10,10,28,42,62.0,"[88, 68, 89, 49]",56.5,63.1,3.1,60.5,1.2,Medium,Urban,No,No,Kinesthetic,Basic,Low,,,
S01101,Leo Nguyen,16,Female,Grade 12,C105,English Literature,7/29/2023,10/12/2023,Completed,B,88.4,93.1,11,10,30,26,74.7,"[44, 100, 96, 44]",42.7,60.7,1.9,59.4,4.6,Medium,Suburban,No,Yes,Auditory,Advanced,Medium,,,
S01052,Leo Smith,14,Other,Grade 12,C108,Economics,3/29/2023,5/1/2023,Completed,B,50.1,45.8,10,4,17,33,89.0,"[86, 76, 83, 62]",90.7,59.9,1.9,79.9,1.4,Low,Suburban,Yes,No,Visual,Intermediate,High,,,
S01004,Leo Smith,17,Female,Grade 11,C106,Computer Science,8/12/2023,11/23/2023,Completed,F,59.8,21.5,8,9,25,45,80.7,"[84, 88, 61, 96]",54.0,69.1,2.5,67.9,1.5,Low,Suburban,No,No,Reading/Writing,Basic,Medium,,,
S01188,Ava Kumar,14,Other,Grade 10,C107,Geometry,2/25/2023,,Dropped,,73.0,39.3,1,0,11,46,95.7,"[94, 96, 94, 91]",97.5,70.9,0.9,88.0,2.4,Low,Suburban,No,No,Visual,Advanced,High,,,
S01154,Isla Kumar,17,Female,Grade 10,C107,Geometry,1/26/2023,,In-progress,,70.8,15.9,6,5,21,16,46.9,"[73, 92, 66, 93]",79.3,92.7,1.9,73.0,1.6,Medium,Urban,Yes,Yes,Visual,Intermediate,Low,,,
S01150,Liam Smith,17,Other,Grade 12,C108,Economics,4/16/2023,5/11/2023,Completed,A,51.3,50.7,12,1,3,16,47.5,"[85, 85, 53, 64]",54.1,55.1,3.1,52.2,1.3,Medium,Suburban,Yes,No,Kinesthetic,Intermediate,High,,,
S01182,Zoe Nguyen,18,Female,Grade 10,C102,Biology,1/2/2023,2/2/2023,Completed,B,66.0,27.1,4,8,10,49,81.2,"[68, 43, 71, 80]",75.7,45.2,2.2,67.4,1.5,Low,Urban,No,Yes,Visual,Advanced,High,,,
S01107,Mia Singh,18,Other,Grade 10,C107,Geometry,4/29/2023,5/25/2023,Completed,C,52.7,102.2,2,6,21,0,97.4,"[77, 58, 55, 71]",65.3,85.4,2.3,82.7,4.1,High,Suburban,Yes,Yes,Visual,Intermediate,High,,,
S01105,Zoe Nguyen,15,Male,Grade 9,C103,World History,8/12/2023,11/16/2023,Completed,C,97.9,46.5,12,7,23,13,74.4,"[60, 73, 80, 73]",73.7,66.3,0.9,71.5,2.9,Medium,Suburban,No,No,Kinesthetic,Intermediate,High,,,
S01248,Ruby Nguyen,16,Male,Grade 12,C108,Economics,7/17/2023,,In-progress,,87.9,48.3,11,4,3,13,83.9,"[49, 96, 41, 72]",72.8,87.8,2.6,81.5,2.0,Medium,Urban,Yes,No,Visual,Basic,Low,,,
S01094,Aria Singh,18,Female,Grade 12,C108,Economics,4/8/2023,6/12/2023,Completed,C,66.1,41.6,2,2,1,47,70.5,"[46, 58, 60, 74]",75.3,96.7,4.4,80.8,3.9,Medium,Rural,No,No,Visual,Intermediate,Medium,,,
S01176,Max Taylor,16,Other,Grade 11,C104,Chemistry,1/19/2023,3/9/2023,Completed,C,64.2,70.6,1,1,12,12,49.5,"[72, 50, 84, 97]",87.5,44.0,4.8,60.3,3.2,Medium,Urban,Yes,Yes,Reading/Writing,Intermediate,Low,,,
S01146,Mia Singh,16,Female,Grade 9,C101,Algebra I,6/18/2023,,Dropped,,92.9,6.6,1,9,5,37,88.5,"[45, 70, 91, 57]",77.5,57.2,3.7,74.4,3.6,Medium,Urban,No,No,Reading/Writing,Basic,High,,,
S01121,Zoe Brown,15,Male,Grade 11,C106,Computer Science,4/1/2023,6/28/2023,Completed,B,91.8,45.9,12,1,3,5,51.0,"[51, 84, 54, 55]",84.8,95.8,3.4,77.2,3.7,High,Urban,Yes,No,Kinesthetic,Advanced,Medium,,,
S01211,Leo Smith,16,Female,Grade 10,C107,Geometry,5/30/2023,10/27/2023,Completed,C,93.1,35.0,11,10,9,12,100.0,"[74, 76, 57, 81]",98.0,90.4,0.7,96.1,4.1,Low,Rural,No,No,Auditory,Advanced,Low,,,
S01111,Mia Brown,18,Female,Grade 10,C102,Biology,7/14/2023,8/28/2023,Completed,F,84.1,25.7,2,1,19,24,66.6,"[43, 88, 58, 62]",81.6,94.2,3.1,80.8,2.0,High,Urban,Yes,No,Kinesthetic,Intermediate,Medium,,,
S01087,Leo Patel,15,Male,Grade 12,C105,English Literature,6/23/2023,9/30/2023,Completed,D,83.6,15.9,7,5,20,43,77.6,"[51, 40, 94, 71]",46.7,85.4,2.7,69.9,1.7,Low,Urban,Yes,No,Kinesthetic,Intermediate,High,,,
S01250,Ruby Taylor,14,Female,Grade 11,C106,Computer Science,6/1/2023,7/29/2023,Completed,D,63.8,80.1,5,0,3,7,77.6,"[54, 69, 81, 97]",64.2,42.0,0.4,61.3,3.0,High,Rural,Yes,Yes,Reading/Writing,Intermediate,High,,,
S01100,Max Lee,15,Other,Grade 9,C103,World History,1/29/2023,6/5/2023,Completed,F,97.0,72.6,8,10,14,17,68.7,"[92, 48, 52, 66]",44.1,97.3,1.0,70.0,5.0,Medium,Urban,No,No,Kinesthetic,Advanced,Medium,,,
S01085,Zoe Patel,16,Male,Grade 10,C107,Geometry,5/29/2023,9/9/2023,Completed,D,68.6,38.1,0,2,11,18,69.2,"[73, 67, 74, 94]",80.0,71.8,2.3,73.7,1.7,Low,Rural,No,No,Auditory,Advanced,High,,,
S01248,Noah Smith,14,Female,Grade 10,C107,Geometry,7/9/2023,,In-progress,,58.7,17.9,11,3,14,37,44.6,"[86, 94, 58, 56]",65.0,41.3,3.5,50.3,2.1,Low,Rural,No,Yes,Auditory,Basic,Low,,,
S01192,Max Brown,14,Female,Grade 9,C101,Algebra I,8/6/2023,,Dropped,,86.3,71.2,10,2,12,27,58.2,"[67, 69, 94, 53]",79.3,74.6,3.4,70.7,1.7,Low,Urban,No,No,Auditory,Basic,Low,,,
S01141,Zoe Brown,17,Female,Grade 10,C102,Biology,3/10/2023,,In-progress,,71.9,63.4,9,10,10,38,65.0,"[96, 61, 82, 41]",68.4,69.7,4.3,67.7,3.9,Medium,Urban,No,No,Reading/Writing,Advanced,High,,,
S01133,Mia Singh,18,Male,Grade 11,C106,Computer Science,6/5/2023,8/17/2023,Completed,F,68.0,19.8,9,6,2,35,81.3,"[42, 49, 91, 53]",79.8,42.7,1.3,67.9,2.5,Low,Suburban,No,Yes,Kinesthetic,Advanced,Medium,,,
S01240,Isla Patel,16,Female,Grade 9,C103,World History,5/18/2023,8/14/2023,Completed,D,51.3,74.4,1,4,3,34,99.7,"[62, 79, 89, 76]",81.8,51.6,0.5,77.7,3.2,Low,Suburban,Yes,No,Kinesthetic,Intermediate,Low,,,
S01207,Zoe Nguyen,16,Other,Grade 11,C106,Computer Science,2/12/2023,6/5/2023,Completed,D,90.2,76.8,1,9,3,37,98.2,"[98, 45, 91, 53]",52.1,78.1,1.7,76.1,1.3,High,Suburban,No,No,Kinesthetic,Basic,High,,,
S01074,Noah Taylor,15,Female,Grade 12,C105,English Literature,5/5/2023,9/11/2023,Completed,A,85.1,62.8,2,3,27,37,54.9,"[55, 86, 92, 100]",49.1,70.7,3.1,58.2,1.6,Low,Urban,No,Yes,Kinesthetic,Basic,Low,,,
S01133,Ruby Lee,18,Other,Grade 10,C102,Biology,1/12/2023,,In-progress,,85.1,34.4,5,3,19,45,47.8,"[69, 46, 74, 90]",92.4,52.1,0.4,64.1,4.7,Low,Rural,No,Yes,Reading/Writing,Advanced,Low,,,
,Leo Brown,15,Male,Grade 11,C106,Computer Science,7/28/2023,12/29/2023,Completed,B,53.9,102.1,1,8,24,34,45.6,"[41, 59, 97, 61]",80.2,70.5,4.2,65.4,4.5,Low,Rural,No,No,Reading/Writing,Basic,Low,,,
S01086,Aria Smith,14,Other,Grade 10,C102,Biology,3/5/2023,8/9/2023,Completed,F,91.8,116.4,12,3,5,26,66.9,"[55, 95, 67, 92]",65.3,56.7,2.4,63.0,1.9,Medium,Urban,Yes,No,Visual,Intermediate,Medium,,,
S01178,Noah Smith,18,Male,Grade 12,C108,Economics,4/7/2023,6/17/2023,Completed,A,60.2,98.2,0,5,24,26,51.7,"[54, 85, 66, 72]",69.5,80.7,2.8,67.3,4.5,Medium,Urban,No,No,Auditory,Advanced,Medium,,,
S01179,Ethan Taylor,15,Female,Grade 10,C107,Geometry,6/10/2023,10/5/2023,Completed,B,56.7,13.3,0,2,23,31,64.4,"[50, 48, 73, 91]",66.1,52.7,3.3,61.1,4.9,Low,Urban,Yes,No,Reading/Writing,Advanced,High,,,
S01216,Isla Martin,15,Female,Grade 10,C102,Biology,6/12/2023,9/1/2023,Completed,D,75.8,119.8,8,1,12,0,96.7,"[85, 73, 70, 92]",49.9,43.4,3.1,63.3,4.6,High,Urban,No,No,Auditory,Advanced,High,,,
S01231,Ethan Patel,16,Female,Grade 9,C103,World History,2/11/2023,3/13/2023,Completed,F,98.8,66.4,1,0,12,31,99.6,"[62, 52, 82, 80]",74.5,66.5,3.8,80.2,4.8,Medium,Urban,Yes,No,Kinesthetic,Intermediate,Medium,,,
S01136,Leo Brown,17,Male,Grade 12,C108,Economics,1/28/2023,3/16/2023,Completed,C,72.7,67.7,7,2,20,13,95.0,"[52, 60, 59, 100]",95.3,86.1,1.6,92.1,1.1,High,Suburban,Yes,No,Reading/Writing,Intermediate,Low,,,
S01136,Max Martin,18,Female,Grade 10,C102,Biology,2/2/2023,,In-progress,,52.0,42.6,0,2,19,46,78.0,"[98, 81, 55, 90]",65.9,56.5,3.2,66.8,4.5,Medium,Rural,Yes,No,Kinesthetic,Intermediate,Medium,,,
S01001,Liam Wilson,15,Other,Grade 10,C107,Geometry,4/1/2023,4/21/2023,Completed,B,71.6,110.6,4,3,1,30,43.0,"[87, 70, 98, 74]",48.3,92.7,4.7,61.3,2.0,High,Rural,No,No,Reading/Writing,Basic,Medium,,,
S01191,Ava Singh,14,Male,Grade 12,C108,Economics,5/5/2023,6/15/2023,Completed,C,56.2,90.3,2,1,21,48,72.9,"[48, 89, 90, 50]",54.5,97.0,0.1,74.8,2.1,Medium,Suburban,Yes,No,Visual,Advanced,High,,,
S01216,Isla Nguyen,14,Female,Grade 10,C102,Biology,5/19/2023,9/14/2023,Completed,F,92.7,44.1,7,4,20,12,97.2,"[74, 96, 62, 81]",89.1,68.9,0.9,85.1,1.2,Medium,Rural,Yes,No,Reading/Writing,Basic,High,,,
S01211,Ruby Patel,14,Other,Grade 11,C104,Chemistry,8/6/2023,,In-progress,,69.6,53.6,7,5,24,25,88.6,"[92, 51, 69, 64]",82.0,43.2,2.0,71.3,3.1,Medium,Suburban,Yes,No,Visual,Basic,Medium,,,
S01100,Zoe Smith,17,Male,Grade 12,C108,Economics,2/9/2023,3/1/2023,Completed,C,89.2,59.2,10,4,2,41,65.7,"[76, 52, 42, 50]",57.7,79.7,2.7,67.7,1.7,Medium,Suburban,Yes,No,Visual,Intermediate,Medium,,,
S01128,Max Brown,17,Male,Grade 10,C102,Biology,2/16/2023,,In-progress,,62.5,84.5,11,2,22,46,96.3,"[65, 67, 51, 75]",81.8,48.1,0.6,75.4,1.5,Medium,Rural,No,Yes,Reading/Writing,Advanced,High,,,
S01142,Isla Taylor,14,Other,Grade 9,C101,Algebra I,1/14/2023,4/1/2023,Completed,C,74.6,82.0,11,6,17,4,68.7,"[97, 97, 48, 59]",42.5,85.5,0.2,65.6,3.4,Low,Urban,No,Yes,Kinesthetic,Advanced,Low,,,
S01160,Leo Martin,18,Other,Grade 11,C104,Chemistry,2/27/2023,6/15/2023,Completed,C,71.7,84.0,2,5,28,31,58.7,"[58, 44, 43, 97]",46.2,70.2,1.8,58.4,1.8,Medium,Urban,Yes,No,Auditory,Basic,High,,,
S01242,Mia Brown,17,Female,Grade 10,C107,Geometry,8/25/2023,10/28/2023,Completed,D,71.2,90.9,5,9,3,38,51.9,"[98, 46, 88, 75]",90.8,83.0,1.9,75.2,1.8,Medium,Suburban,Yes,No,Auditory,Basic,High,,,
S01176,Noah Smith,17,Male,Grade 11,C106,Computer Science,2/25/2023,5/16/2023,Completed,B,82.1,73.7,0,0,25,21,91.3,"[73, 99, 62, 64]",46.0,81.1,1.2,72.8,1.5,High,Urban,Yes,No,Auditory,Basic,Medium,,,
S01205,Max Martin,14,Male,Grade 10,C107,Geometry,4/16/2023,,Dropped,,66.9,51.2,12,2,13,3,93.9,"[81, 97, 67, 86]",97.1,71.0,2.0,87.3,1.1,High,Urban,Yes,No,Reading/Writing,Intermediate,High,,,
S01114,Noah Brown,15,Female,Grade 11,C106,Computer Science,1/2/2023,4/17/2023,Completed,C,53.1,76.9,0,7,13,1,44.9,"[84, 99, 65, 44]",74.3,41.5,3.0,53.6,3.5,Medium,Suburban,Yes,Yes,Reading/Writing,Basic,Medium,,,
S01188,Max Smith,18,Female,Grade 10,C107,Geometry,6/17/2023,10/26/2023,Completed,B,92.7,114.7,9,0,9,3,88.5,"[45, 45, 84, 96]",53.4,46.9,3.0,62.9,1.8,Medium,Suburban,No,No,Auditory,Advanced,High,,,
S01250,Mia Nguyen,14,Female,Grade 10,C102,Biology,5/19/2023,7/14/2023,Completed,D,54.9,21.4,5,4,12,7,51.0,"[97, 81, 44, 98]",86.1,49.3,0.3,62.1,2.0,High,Rural,Yes,No,Reading/Writing,Basic,Medium,,,
S01192,Zoe Smith,14,Other,Grade 11,C106,Computer Science,7/19/2023,,In-progress,,70.3,76.5,10,2,24,24,90.7,"[77, 84, 90, 54]",91.4,60.0,1.0,80.7,4.4,Medium,Suburban,No,No,Kinesthetic,Basic,Low,,,
S01064,Zoe Singh,17,Other,Grade 11,C106,Computer Science,6/3/2023,10/3/2023,Completed,A,58.2,24.1,4,9,30,44,58.0,"[86, 94, 70, 65]",98.2,92.6,4.7,82.9,1.8,High,Urban,Yes,No,Visual,Basic,Medium,,,
S01030,Aria Taylor,15,Male,Grade 9,C103,World History,5/18/2023,7/9/2023,Completed,D,67.3,36.7,11,1,1,42,83.7,"[41, 58, 80, 73]",53.4,40.2,2.1,59.1,4.1,Low,Urban,Yes,Yes,Visual,Advanced,Low,,,
S01155,Mia Singh,14,Male,Grade 11,C106,Computer Science,3/27/2023,,Dropped,,80.5,97.9,8,8,25,37,93.8,"[58, 42, 62, 57]",62.5,96.5,3.6,84.3,4.8,Medium,Rural,Yes,No,Reading/Writing,Advanced,Low,,,
S01029,Kai Taylor,15,Male,Grade 9,C103,World History,4/29/2023,,Dropped,,64.5,63.4,12,6,1,35,79.6,"[48, 93, 90, 92]",60.9,63.9,3.9,68.1,2.0,Medium,Suburban,No,No,Reading/Writing,Intermediate,Medium,,,
S01027,Max Martin,15,Female,Grade 9,C101,Algebra I,1/26/2023,6/25/2023,Completed,A,74.1,39.0,1,1,26,46,84.8,"[53, 62, 68, 81]",73.5,81.3,0.7,79.9,2.2,Medium,Urban,No,No,Reading/Writing,Basic,Medium,,,
S01112,Ethan Smith,16,Other,Grade 12,C108,Economics,6/1/2023,8/3/2023,Completed,C,97.4,88.7,11,9,15,27,41.3,"[94, 69, 82, 44]",66.9,79.0,3.5,62.4,4.8,Medium,Urban,No,No,Kinesthetic,Intermediate,Low,,,
S01185,Mia Patel,17,Female,Grade 12,C108,Economics,2/17/2023,3/20/2023,Completed,F,67.1,47.4,0,8,18,42,43.6,"[98, 85, 59, 93]",58.7,66.2,3.4,56.2,1.2,High,Rural,Yes,No,Kinesthetic,Basic,Low,,,
S01163,Kai Wilson,17,Female,Grade 11,C104,Chemistry,7/21/2023,9/27/2023,Completed,B,55.2,105.8,0,7,7,0,80.1,"[76, 60, 75, 98]",81.7,98.9,3.2,86.9,3.8,Medium,Rural,Yes,No,Reading/Writing,Advanced,Medium,,,
S01026,Noah Martin,18,Female,Grade 9,C101,Algebra I,5/8/2023,8/25/2023,Completed,A,77.6,11.0,12,6,22,8,65.9,"[98, 41, 43, 86]",58.2,91.0,2.1,71.7,2.7,Low,Urban,No,Yes,Kinesthetic,Intermediate,Low,,,
,Max Kumar,18,Other,Grade 10,C102,Biology,4/21/2023,9/13/2023,Completed,F,68.6,79.8,3,9,12,5,61.8,"[41, 73, 92, 60]",58.3,45.8,4.4,55.3,1.5,High,Rural,Yes,Yes,Auditory,Basic,High,,,
S01195,Mia Wilson,15,Female,Grade 9,C101,Algebra I,1/12/2023,5/29/2023,Completed,A,82.7,33.8,5,10,28,41,41.0,"[67, 100, 66, 100]",95.8,49.5,0.8,62.1,2.6,Medium,Rural,Yes,No,Visual,Advanced,Low,,,
S01200,Ava Lee,18,Female,Grade 12,C108,Economics,3/30/2023,,Dropped,,88.3,120.0,2,1,7,42,70.1,"[59, 53, 94, 87]",63.3,50.8,1.2,61.4,3.1,High,Urban,Yes,No,Kinesthetic,Basic,Low,,,
S01051,Ethan Lee,17,Other,Grade 12,C105,English Literature,3/22/2023,5/9/2023,Completed,B,63.0,84.1,5,4,6,5,49.5,"[90, 86, 91, 81]",71.0,98.2,2.1,72.9,1.7,Medium,Rural,Yes,Yes,Visual,Advanced,High,,,
S01212,Leo Wilson,14,Other,Grade 11,C106,Computer Science,4/26/2023,8/24/2023,Completed,B,60.4,87.4,4,5,0,20,85.8,"[43, 65, 79, 48]",40.3,96.4,2.1,74.2,2.5,High,Rural,Yes,No,Reading/Writing,Intermediate,Low,,,
S01175,Ruby Lee,18,Other,Grade 11,C104,Chemistry,1/2/2023,2/5/2023,Completed,D,64.1,75.8,7,3,21,31,88.8,"[53, 78, 74, 44]",86.1,47.2,3.1,74.0,2.4,High,Suburban,No,No,Reading/Writing,Advanced,Medium,,,
S01230,Aria Wilson,14,Female,Grade 9,C103,World History,4/16/2023,9/7/2023,Completed,D,58.1,45.7,6,0,11,45,40.4,"[68, 62, 62, 94]",86.2,55.0,1.0,60.5,1.8,Low,Urban,No,No,Kinesthetic,Basic,Low,,,
S01241,Mia Martin,16,Female,Grade 12,C108,Economics,7/25/2023,12/17/2023,Completed,C,90.4,104.4,5,9,15,4,40.8,"[78, 81, 66, 47]",58.5,49.5,0.1,49.6,2.5,Low,Urban,No,No,Kinesthetic,Advanced,Medium,,,
S01111,Noah Patel,16,Male,Grade 9,C103,World History,4/27/2023,7/23/2023,Completed,F,97.7,111.1,0,9,10,31,98.3,"[46, 78, 91, 70]",85.7,70.5,0.1,84.8,4.7,Medium,Urban,Yes,No,Visual,Basic,High,,,
S01015,Noah Martin,15,Female,Grade 11,C106,Computer Science,4/29/2023,6/4/2023,Completed,F,70.3,14.6,10,8,6,50,69.1,"[93, 56, 98, 81]",64.4,54.0,4.8,62.5,2.5,Low,Urban,No,No,Visual,Basic,Medium,,,
S01074,Ruby Taylor,18,Female,Grade 11,C106,Computer Science,8/24/2023,10/28/2023,Completed,D,90.4,65.1,0,6,4,3,70.2,"[47, 61, 69, 74]",81.7,59.3,3.4,70.4,1.8,Low,Suburban,No,No,Visual,Advanced,Medium,,,
S01104,Ruby Nguyen,15,Other,Grade 9,C103,World History,4/23/2023,8/1/2023,Completed,F,50.4,103.1,4,6,5,36,62.4,"[56, 93, 81, 77]",80.9,70.4,2.0,71.2,1.3,Medium,Suburban,Yes,No,Reading/Writing,Intermediate,High,,,
S01092,Ruby Wilson,15,Male,Grade 10,C107,Geometry,5/26/2023,7/24/2023,Completed,A,86.8,62.4,6,8,3,16,80.7,"[86, 74, 72, 64]",96.9,62.3,3.9,80.0,3.8,Low,Rural,No,No,Auditory,Basic,Low,,,
S01015,Kai Singh,17,Male,Grade 11,C104,Chemistry,1/18/2023,,Dropped,,89.2,97.9,3,1,3,42,91.6,"[80, 53, 48, 96]",44.3,54.3,2.2,63.4,2.7,Medium,Rural,Yes,Yes,Visual,Intermediate,High,,,
S01222,Liam Brown,17,Female,Grade 11,C104,Chemistry,8/22/2023,11/24/2023,Completed,A,62.3,98.1,5,4,16,10,82.5,"[92, 49, 62, 89]",85.7,69.9,0.4,79.4,2.5,Medium,Suburban,Yes,No,Reading/Writing,Basic,Low,,,
S01214,Noah Singh,17,Male,Grade 12,C108,Economics,8/10/2023,1/14/2024,Completed,D,52.2,90.6,11,6,12,42,69.1,"[63, 96, 92, 99]",59.9,85.8,4.0,71.6,3.6,Low,Suburban,Yes,No,Kinesthetic,Basic,Medium,,,
S01143,Isla Singh,18,Male,Grade 11,C104,Chemistry,1/3/2023,4/5/2023,Completed,B,59.7,100.9,10,7,29,30,55.3,"[73, 86, 47, 60]",44.1,58.0,4.0,52.5,3.6,Medium,Urban,No,No,Reading/Writing,Intermediate,High,,,
S01212,Isla Singh,17,Other,Grade 12,C108,Economics,6/30/2023,8/13/2023,Completed,A,67.3,82.0,9,0,7,38,63.3,"[64, 60, 57, 80]",59.1,96.1,0.9,72.8,1.9,Medium,Suburban,Yes,No,Visual,Advanced,Low,,,
S01238,Max Brown,18,Female,Grade 10,C107,Geometry,6/9/2023,11/6/2023,Completed,D,96.3,71.3,0,0,18,30,65.4,"[54, 65, 40, 70]",89.2,63.1,3.5,72.6,1.5,Medium,Rural,Yes,No,Kinesthetic,Intermediate,High,,,
S01191,Aria Brown,15,Male,Grade 12,C108,Economics,2/24/2023,7/31/2023,Completed,A,70.7,87.5,1,10,24,8,56.3,"[47, 84, 54, 43]",73.7,56.3,0.0,62.1,3.2,Low,Suburban,No,No,Auditory,Intermediate,Medium,,,
S01237,Liam Lee,17,Other,Grade 10,C102,Biology,2/5/2023,7/8/2023,Completed,A,76.2,78.8,6,2,17,5,49.8,"[62, 61, 45, 61]",82.8,45.5,4.1,59.4,2.8,Low,Suburban,Yes,No,Visual,Advanced,High,,,
S01114,Max Singh,16,Other,Grade 9,C101,Algebra I,3/4/2023,,In-progress,,79.9,82.3,5,3,9,9,64.1,"[92, 43, 70, 57]",54.1,53.0,4.9,57.1,3.1,Medium,Suburban,No,Yes,Auditory,Advanced,High,,,
S01063,Ava Taylor,14,Female,Grade 10,C107,Geometry,8/23/2023,,In-progress,,93.3,94.0,4,5,2,35,56.3,"[70, 94, 51, 88]",44.7,62.4,2.3,54.5,2.5,Medium,Rural,No,No,Reading/Writing,Intermediate,High,,,
S01145,Leo Nguyen,15,Female,Grade 10,C102,Biology,8/25/2023,10/9/2023,Completed,D,57.2,75.0,11,6,1,25,87.1,"[93, 56, 79, 74]",92.0,92.8,4.4,90.6,2.3,Low,Urban,No,No,Kinesthetic,Basic,Medium,,,
S01119,Zoe Wilson,16,Female,Grade 9,C101,Algebra I,4/2/2023,6/16/2023,Completed,B,61.4,25.1,9,10,1,14,64.5,"[94, 73, 97, 66]",74.8,44.8,0.6,61.4,1.2,High,Rural,No,No,Visual,Advanced,High,,,
S01069,Zoe Brown,14,Male,Grade 10,C107,Geometry,1/7/2023,3/27/2023,Completed,A,68.0,67.8,5,3,21,21,55.9,"[58, 70, 73, 45]",44.6,94.1,1.3,64.9,4.0,High,Suburban,Yes,No,Kinesthetic,Basic,Medium,,,
S01151,Mia Nguyen,16,Other,Grade 11,C104,Chemistry,1/22/2023,6/12/2023,Completed,F,79.9,105.2,4,3,24,35,71.4,"[44, 70, 65, 84]",90.4,85.6,4.0,82.5,3.2,Medium,Rural,Yes,No,Reading/Writing,Advanced,Medium,,,
S01139,Max Kumar,18,Male,Grade 9,C103,World History,3/24/2023,,In-progress,,71.9,111.5,0,2,3,50,87.6,"[60, 47, 48, 65]",85.9,75.6,4.2,83.0,3.4,Low,Urban,No,Yes,Visual,Basic,Low,,,
S01004,Kai Wilson,18,Female,Grade 10,C107,Geometry,6/18/2023,9/14/2023,Completed,F,71.0,73.5,8,6,15,35,67.7,"[46, 53, 83, 53]",87.4,78.1,0.1,77.7,2.4,Medium,Suburban,Yes,No,Reading/Writing,Basic,High,,,
S01206,Ruby Smith,15,Female,Grade 9,C101,Algebra I,5/26/2023,8/25/2023,Completed,A,99.6,104.7,2,2,7,9,75.8,"[58, 74, 97, 71]",50.1,98.7,3.6,74.9,4.3,High,Suburban,No,No,Kinesthetic,Advanced,Medium,,,
S01230,Mia Patel,17,Other,Grade 12,C108,Economics,1/24/2023,6/10/2023,Completed,F,59.4,21.5,6,3,14,41,51.1,"[69, 84, 79, 41]",91.7,51.3,4.9,64.7,1.4,High,Urban,Yes,Yes,Reading/Writing,Intermediate,Low,,,
S01160,Liam Smith,14,Female,Grade 12,C108,Economics,6/11/2023,,In-progress,,89.6,31.8,0,1,12,20,87.2,"[82, 52, 85, 45]",46.3,47.3,3.1,60.3,1.8,Low,Rural,No,No,Reading/Writing,Intermediate,High,,,
S01074,Isla Martin,17,Female,Grade 9,C101,Algebra I,5/25/2023,8/1/2023,Completed,F,63.6,26.2,2,9,6,37,84.4,"[92, 98, 50, 85]",63.8,81.1,3.5,76.4,4.5,High,Suburban,No,No,Auditory,Intermediate,High,,,
S01139,Ava Brown,17,Female,Grade 12,C105,English Literature,6/10/2023,7/5/2023,Completed,B,67.7,38.0,10,6,21,45,89.5,"[71, 90, 49, 95]",46.2,57.8,4.1,64.5,1.4,Low,Urban,Yes,Yes,Kinesthetic,Intermediate,Low,,,
,Kai Lee,18,Male,Grade 11,C104,Chemistry,7/22/2023,,In-progress,,89.2,115.0,7,5,19,34,82.7,"[68, 53, 40, 61]",61.8,86.7,1.0,77.1,4.2,Low,Rural,Yes,No,Visual,Advanced,Low,,,
S01024,Ruby Nguyen,17,Other,Grade 10,C107,Geometry,3/1/2023,,In-progress,,66.4,27.1,1,0,19,45,87.2,"[68, 66, 77, 46]",77.4,67.2,0.3,77.3,4.2,Low,Rural,Yes,No,Kinesthetic,Intermediate,Medium,,,
S01035,Aria Singh,18,Other,Grade 12,C105,English Literature,4/6/2023,,In-progress,,85.6,85.8,12,1,13,29,64.7,"[53, 70, 90, 88]",95.3,49.8,4.6,69.9,1.5,Low,Urban,No,No,Kinesthetic,Advanced,Medium,,,
S01236,Zoe Smith,16,Male,Grade 9,C101,Algebra I,7/22/2023,10/23/2023,Completed,F,96.0,117.0,2,8,10,25,77.7,"[82, 45, 72, 77]",70.1,64.9,2.9,70.9,4.1,High,Rural,Yes,No,Reading/Writing,Advanced,Low,,,
S01191,Ruby Smith,18,Other,Grade 11,C104,Chemistry,1/25/2023,3/21/2023,Completed,C,95.9,13.6,1,3,28,41,47.3,"[53, 52, 64, 81]",43.7,86.9,2.2,59.3,1.5,Medium,Urban,Yes,No,Visual,Basic,High,,,
S01178,Aria Nguyen,17,Male,Grade 11,C104,Chemistry,8/21/2023,10/11/2023,Completed,A,81.9,82.7,7,6,10,47,99.7,"[86, 60, 67, 55]",44.6,46.3,2.0,63.5,1.8,Low,Urban,No,Yes,Auditory,Intermediate,High,,,
S01068,Ruby Brown,15,Other,Grade 10,C102,Biology,2/13/2023,7/19/2023,Completed,A,50.1,45.0,9,5,10,5,54.3,"[93, 96, 56, 87]",42.3,48.9,4.7,48.5,4.5,Medium,Rural,Yes,No,Kinesthetic,Intermediate,Low,,,
S01227,Noah Singh,15,Other,Grade 12,C108,Economics,4/19/2023,3/11/2023,Completed,D,96.4,39.4,9,3,18,24,81.1,"[79, 51, 91, 41]",56.8,72.6,3.4,70.2,3.2,Medium,Rural,Yes,Yes,Kinesthetic,Basic,Low,,,
S01061,Mia Taylor,18,Female,Grade 9,C101,Algebra I,8/17/2023,11/13/2023,Completed,F,66.7,55.8,5,1,1,41,41.7,"[56, 96, 45, 66]",79.7,67.2,1.9,62.9,4.7,Low,Suburban,Yes,No,Auditory,Advanced,Medium,,,
S01197,Ruby Taylor,16,Female,Grade 12,C105,English Literature,6/16/2023,10/20/2023,Completed,A,84.4,23.2,6,7,14,13,77.1,"[73, 79, 58, 55]",41.8,93.3,1.7,70.7,1.6,High,Suburban,No,No,Auditory,Intermediate,High,,,
S01069,Noah Patel,18,Other,Grade 11,C104,Chemistry,7/27/2023,9/26/2023,Completed,D,91.3,64.3,1,6,21,6,83.9,"[41, 60, 58, 80]",78.9,83.1,0.9,82.0,1.6,Medium,Urban,Yes,No,Reading/Writing,Basic,Medium,,,
S01057,Kai Smith,17,Male,Grade 12,C105,English Literature,4/18/2023,,In-progress,,75.0,104.8,6,8,9,26,59.9,"[91, 68, 92, 75]",55.6,57.6,0.3,57.7,4.4,Low,Urban,No,No,Reading/Writing,Basic,Medium,,,
S01010,Ruby Kumar,18,Other,Grade 11,C106,Computer Science,1/16/2023,,Dropped,,78.8,66.2,6,8,20,12,95.3,"[82, 90, 46, 71]",88.7,94.6,1.4,92.9,1.5,Low,Suburban,No,No,Reading/Writing,Intermediate,Low,,,
S01061,Ethan Brown,16,Female,Grade 11,C104,Chemistry,5/14/2023,7/19/2023,Completed,B,51.7,76.2,0,9,21,13,58.8,"[44, 65, 72, 81]",40.6,40.5,4.8,46.6,3.6,High,Urban,Yes,No,Reading/Writing,Advanced,High,,,
S01233,Leo Taylor,18,Female,Grade 10,C107,Geometry,1/12/2023,6/15/2023,Completed,B,92.8,98.1,0,4,15,30,50.2,"[53, 65, 44, 98]",46.0,60.9,4.5,52.4,2.0,Medium,Rural,No,Yes,Reading/Writing,Intermediate,High,,,
S01101,Zoe Wilson,17,Male,Grade 10,C107,Geometry,1/8/2023,5/18/2023,Completed,C,51.2,36.3,3,3,22,28,89.8,"[75, 43, 44, 86]",64.7,98.4,4.1,84.3,5.0,Low,Rural,No,No,Auditory,Advanced,High,,,
S01050,Ruby Singh,14,Female,Grade 11,C104,Chemistry,1/31/2023,,Dropped,,72.9,72.8,8,2,30,31,63.6,"[83, 46, 65, 96]",67.4,86.9,0.0,72.6,3.9,High,Suburban,No,No,Auditory,Advanced,Low,,,
S01212,Noah Brown,16,Male,Grade 11,C104,Chemistry,2/2/2023,3/27/2023,Completed,C,66.4,117.0,10,9,16,33,88.3,"[85, 83, 57, 77]",48.6,79.6,2.9,72.2,4.5,Low,Suburban,No,No,Auditory,Advanced,High,,,
S01170,Isla Wilson,17,Female,Grade 9,C101,Algebra I,8/19/2023,,In-progress,,60.0,49.2,7,1,7,24,94.1,"[67, 61, 75, 78]",80.7,49.5,2.9,74.8,3.3,High,Suburban,Yes,No,Kinesthetic,Basic,High,,,
S01167,Ruby Martin,17,Other,Grade 12,C108,Economics,3/17/2023,7/22/2023,Completed,C,75.4,102.2,10,8,5,18,64.3,"[100, 89, 61, 83]",84.2,75.0,0.5,74.5,1.5,Medium,Rural,Yes,No,Visual,Basic,Medium,,,
S01205,Aria Singh,15,Male,Grade 12,C105,English Literature,4/21/2023,7/10/2023,Completed,F,85.4,66.6,1,9,7,46,59.2,"[48, 92, 99, 55]",61.4,97.5,1.7,72.7,3.8,High,Urban,No,No,Visual,Intermediate,High,,,
S01102,Zoe Martin,14,Male,Grade 9,C101,Algebra I,2/23/2023,5/5/2023,Completed,A,64.8,64.7,3,9,1,29,67.1,"[66, 63, 49, 91]",54.1,53.1,2.6,58.1,2.3,Medium,Suburban,No,No,Kinesthetic,Intermediate,Medium,,,
S01248,Kai Brown,17,Female,Grade 9,C103,World History,7/24/2023,12/4/2023,Completed,A,66.3,74.9,3,9,16,14,60.3,"[42, 81, 47, 41]",46.7,68.7,3.9,58.6,4.1,Low,Urban,Yes,No,Visual,Advanced,Medium,,,
S01004,Liam Wilson,16,Other,Grade 10,C107,Geometry,6/22/2023,7/13/2023,Completed,A,64.1,111.6,6,6,26,42,78.5,"[75, 82, 44, 96]",77.1,85.4,0.2,80.3,1.6,Low,Urban,No,No,Auditory,Intermediate,High,,,
S01249,Isla Martin,17,Female,Grade 12,C108,Economics,5/9/2023,8/21/2023,Completed,A,89.2,115.1,11,8,3,45,92.3,"[83, 44, 85, 81]",94.5,54.7,3.9,80.5,3.6,High,Rural,Yes,No,Reading/Writing,Advanced,Low,,,
S01189,Noah Singh,18,Male,Grade 9,C103,World History,5/11/2023,6/11/2023,Completed,A,96.1,28.7,11,1,29,18,94.6,"[94, 83, 44, 52]",45.9,97.0,0.0,79.2,2.0,Medium,Urban,No,No,Kinesthetic,Intermediate,Low,,,
S01131,Ethan Brown,14,Male,Grade 10,C102,Biology,1/19/2023,,In-progress,,86.9,105.0,6,3,2,30,83.3,"[52, 81, 60, 87]",75.6,59.6,2.9,72.8,1.2,Medium,Urban,Yes,No,Auditory,Intermediate,Medium,,,
S01187,Leo Patel,15,Male,Grade 10,C102,Biology,7/17/2023,10/30/2023,Completed,D,51.8,28.2,12,3,28,2,48.0,"[79, 90, 81, 99]",61.1,60.3,1.6,56.5,2.2,Medium,Rural,No,No,Visual,Advanced,Low,,,
S01241,Zoe Brown,14,Other,Grade 12,C108,Economics,1/5/2023,5/12/2023,Completed,D,93.8,6.8,4,10,28,20,64.0,"[97, 90, 66, 91]",91.4,61.3,0.2,72.2,4.4,Low,Rural,Yes,No,Auditory,Basic,High,,,
S01184,Liam Nguyen,15,Male,Grade 12,C105,English Literature,5/22/2023,8/22/2023,Completed,B,53.7,47.9,2,9,25,15,56.0,"[45, 80, 59, 71]",94.8,95.1,3.9,82.0,4.5,Low,Rural,Yes,No,Visual,Basic,High,,,
S01106,Liam Taylor,18,Male,Grade 9,C103,World History,2/11/2023,4/17/2023,Completed,C,73.5,19.0,4,5,16,26,98.0,"[42, 86, 59, 94]",85.0,61.6,2.6,81.5,3.8,High,Urban,Yes,Yes,Reading/Writing,Advanced,High,,,
S01114,Ruby Lee,16,Other,Grade 9,C103,World History,8/10/2023,,In-progress,,54.4,24.0,0,9,20,50,45.4,"[63, 94, 60, 43]",77.5,77.4,3.9,66.8,2.2,High,Urban,Yes,No,Visual,Advanced,High,,,
S01240,Aria Lee,16,Male,Grade 9,C103,World History,4/25/2023,3/9/2023,Completed,A,81.7,100.4,0,0,10,49,84.5,"[53, 61, 81, 91]",49.3,56.9,0.7,63.6,4.9,Low,Rural,No,No,Visual,Basic,Low,,,
S01022,Aria Nguyen,16,Female,Grade 10,C102,Biology,4/11/2023,,In-progress,,98.5,67.3,2,7,11,26,57.3,"[57, 82, 70, 92]",97.4,46.6,2.2,67.1,3.6,Medium,Urban,Yes,Yes,Auditory,Advanced,High,,,
S01139,Aria Wilson,18,Other,Grade 9,C101,Algebra I,6/5/2023,,In-progress,,77.9,99.9,0,2,4,3,54.3,"[65, 45, 76, 55]",75.3,68.5,3.3,66.0,1.1,Low,Rural,No,No,Visual,Basic,Low,,,
S01012,Aria Nguyen,14,Other,Grade 10,C102,Biology,8/23/2023,10/9/2023,Completed,D,59.0,26.0,6,0,2,26,70.6,"[83, 89, 61, 75]",64.8,67.9,4.4,67.8,2.2,High,Rural,No,No,Kinesthetic,Intermediate,Low,,,
S01049,Zoe Kumar,16,Female,Grade 12,C108,Economics,3/23/2023,8/20/2023,Completed,D,93.7,15.1,11,7,23,26,96.6,"[49, 91, 62, 62]",94.5,61.7,4.0,84.3,2.2,High,Suburban,No,No,Visual,Basic,Low,,,
S01200,Leo Kumar,16,Male,Grade 10,C107,Geometry,7/25/2023,10/16/2023,Completed,B,51.2,27.2,5,4,27,4,56.0,"[92, 92, 53, 89]",87.2,46.5,4.8,63.2,2.1,High,Rural,No,No,Visual,Basic,Medium,,,
S01106,Ethan Brown,17,Female,Grade 11,C104,Chemistry,4/23/2023,5/20/2023,Completed,D,88.1,84.4,4,5,18,1,62.5,"[97, 41, 89, 90]",74.7,47.7,2.8,61.6,1.1,Low,Urban,No,No,Reading/Writing,Basic,Medium,,,
S01087,Ethan Singh,16,Other,Grade 12,C105,English Literature,6/26/2023,11/8/2023,Completed,C,65.3,87.3,9,10,9,30,82.0,"[86, 49, 57, 53]",74.1,75.7,3.6,77.3,3.7,Low,Rural,Yes,No,Kinesthetic,Intermediate,Medium,,,
S01142,Max Wilson,16,Male,Grade 12,C105,English Literature,2/27/2023,,Dropped,,78.7,67.5,6,5,30,49,98.9,"[81, 69, 69, 74]",86.3,82.3,4.0,89.2,2.2,Medium,Rural,Yes,No,Reading/Writing,Advanced,Medium,,,
S01192,Max Wilson,14,Other,Grade 12,C105,English Literature,3/26/2023,4/17/2023,Completed,C,68.4,30.4,2,7,4,29,55.7,"[80, 68, 50, 81]",61.6,54.2,3.7,57.2,3.4,Medium,Rural,No,No,Auditory,Advanced,High,,,
S01023,Aria Smith,18,Other,Grade 9,C101,Algebra I,3/20/2023,6/17/2023,Completed,C,93.2,6.4,6,6,24,5,46.1,"[73, 71, 46, 45]",45.2,65.9,3.6,52.4,3.2,Low,Rural,Yes,No,Auditory,Basic,Medium,,,
S01123,Isla Smith,15,Female,Grade 11,C106,Computer Science,5/22/2023,,Dropped,,94.2,112.0,6,0,12,32,82.7,"[45, 50, 67, 71]",71.0,47.5,1.9,67.1,2.5,Low,Suburban,Yes,Yes,Kinesthetic,Basic,High,,,
S01016,Leo Lee,18,Female,Grade 12,C105,English Literature,4/12/2023,,Dropped,,56.4,100.3,8,10,18,11,83.1,"[89, 44, 98, 79]",71.5,86.1,3.8,80.2,1.5,High,Urban,Yes,No,Kinesthetic,Basic,Low,,,
S01224,Aria Nguyen,18,Female,Grade 11,C104,Chemistry,4/8/2023,4/30/2023,Completed,A,82.4,78.8,6,0,22,45,51.8,"[75, 60, 95, 95]",61.7,51.7,1.3,55.1,3.5,High,Urban,No,No,Reading/Writing,Basic,Medium,,,
S01044,Zoe Kumar,14,Male,Grade 9,C103,World History,2/24/2023,,In-progress,,69.4,50.7,5,4,16,29,47.6,"[66, 100, 78, 90]",65.4,99.3,4.6,70.8,1.0,High,Rural,No,Yes,Reading/Writing,Basic,Low,,,
S01082,Isla Taylor,16,Other,Grade 9,C101,Algebra I,7/10/2023,11/4/2023,Completed,B,56.0,61.4,6,4,28,43,45.6,"[86, 64, 41, 52]",55.3,54.4,3.0,51.8,2.4,Low,Suburban,Yes,No,Reading/Writing,Intermediate,Medium,,,
S01138,Ruby Nguyen,14,Female,Grade 9,C101,Algebra I,8/21/2023,,Dropped,,53.5,27.1,10,2,30,13,99.3,"[53, 92, 71, 51]",88.1,81.8,0.6,89.7,1.7,High,Urban,Yes,Yes,Reading/Writing,Advanced,Medium,,,
S01141,Isla Nguyen,16,Male,Grade 10,C107,Geometry,1/30/2023,6/19/2023,Completed,F,64.2,106.2,4,4,26,50,97.0,"[68, 94, 79, 87]",61.0,87.6,4.5,81.9,3.7,Low,Suburban,Yes,Yes,Visual,Basic,Medium,,,
S01004,Aria Martin,18,Other,Grade 9,C103,World History,8/16/2023,11/20/2023,Completed,B,54.7,57.9,2,2,8,23,99.1,"[86, 97, 89, 95]",52.9,58.9,4.4,70.3,2.0,Medium,Suburban,Yes,No,Auditory,Advanced,Low,,,
S01087,Ruby Patel,18,Female,Grade 9,C103,World History,8/16/2023,9/24/2023,Completed,B,52.7,43.1,3,6,22,35,72.8,"[76, 77, 69, 42]",93.9,45.6,3.6,70.8,3.9,Medium,Rural,No,No,Auditory,Basic,Low,,,
S01138,Leo Wilson,16,Male,Grade 9,C101,Algebra I,7/14/2023,,In-progress,,72.0,119.3,12,3,6,47,72.8,"[90, 85, 58, 100]",99.4,46.1,2.9,72.8,2.4,High,Rural,No,No,Auditory,Basic,Low,,,
S01167,Aria Wilson,15,Male,Grade 12,C105,English Literature,7/2/2023,,Dropped,,89.2,63.7,11,3,19,10,43.4,"[70, 41, 91, 96]",86.4,50.5,3.4,60.1,2.4,High,Urban,Yes,Yes,Kinesthetic,Intermediate,Medium,,,
S01179,Ava Smith,16,Male,Grade 12,C105,English Literature,5/23/2023,7/30/2023,Completed,D,84.6,40.2,9,5,15,35,45.1,"[85, 81, 79, 69]",83.2,69.3,2.7,65.9,2.7,High,Rural,No,No,Reading/Writing,Intermediate,Medium,,,
S01127,Ava Lee,18,Male,Grade 11,C104,Chemistry,4/6/2023,7/12/2023,Completed,B,67.0,60.6,8,4,24,20,53.0,"[87, 87, 95, 67]",58.1,46.7,0.7,52.6,4.5,High,Rural,Yes,No,Visual,Intermediate,Medium,,,
S01109,Ethan Brown,17,Male,Grade 10,C107,Geometry,1/2/2023,,In-progress,,63.1,104.2,8,10,10,38,52.3,"[44, 46, 92, 51]",85.1,88.5,1.9,75.3,2.6,Low,Suburban,No,No,Auditory,Advanced,High,,,
S01178,Aria Kumar,16,Female,Grade 9,C103,World History,6/22/2023,10/23/2023,Completed,C,72.6,58.7,2,9,18,10,41.9,"[78, 74, 61, 52]",91.1,98.1,3.1,77.0,3.3,Medium,Urban,No,No,Auditory,Intermediate,High,,,
S01247,Noah Patel,16,Male,Grade 9,C101,Algebra I,7/16/2023,8/7/2023,Completed,D,85.3,25.5,2,9,10,26,53.1,"[83, 55, 90, 79]",62.5,44.9,1.1,53.5,1.8,Low,Urban,No,No,Reading/Writing,Intermediate,Low,,,
S01213,Leo Taylor,16,Other,Grade 11,C106,Computer Science,2/11/2023,4/25/2023,Completed,F,61.0,42.3,12,0,7,2,80.2,"[44, 78, 72, 55]",82.1,81.0,4.0,81.1,2.6,Low,Urban,No,No,Reading/Writing,Intermediate,High,,,
S01005,Ava Nguyen,14,Female,Grade 9,C103,World History,2/1/2023,3/2/2023,Completed,D,69.0,67.9,7,2,6,44,62.5,"[77, 76, 43, 46]",78.4,86.3,3.4,75.7,1.0,Medium,Rural,Yes,No,Auditory,Intermediate,Low,,,
S01013,Kai Taylor,16,Female,Grade 11,C106,Computer Science,8/27/2023,12/15/2023,Completed,C,56.6,107.6,0,9,5,16,99.8,"[76, 85, 43, 55]",96.4,98.0,0.8,98.1,3.0,Medium,Suburban,Yes,Yes,Kinesthetic,Advanced,High,,,
S01156,Ethan Patel,18,Male,Grade 11,C104,Chemistry,8/21/2023,1/6/2024,Completed,A,85.9,55.0,7,10,15,7,51.9,"[64, 66, 56, 45]",82.1,50.1,1.1,61.4,1.8,Medium,Suburban,No,No,Auditory,Intermediate,Low,,,
S01014,Mia Nguyen,15,Female,Grade 11,C104,Chemistry,1/23/2023,,Dropped,,97.7,65.1,12,4,5,23,47.0,"[80, 79, 51, 41]",76.7,43.3,0.6,55.7,4.1,Medium,Rural,Yes,Yes,Kinesthetic,Intermediate,Medium,,,
S01151,Isla Taylor,14,Female,Grade 10,C102,Biology,4/26/2023,5/27/2023,Completed,D,53.7,14.3,9,2,2,8,83.6,"[58, 79, 42, 100]",94.5,79.5,1.4,85.9,3.5,High,Rural,No,No,Kinesthetic,Intermediate,High,,,
S01097,Mia Patel,18,Female,Grade 11,C104,Chemistry,5/8/2023,8/22/2023,Completed,B,95.8,67.3,10,0,16,2,55.4,"[79, 69, 50, 88]",89.3,98.0,4.2,80.9,1.3,High,Urban,Yes,No,Auditory,Advanced,Low,,,
S01006,Leo Kumar,15,Male,Grade 10,C107,Geometry,1/3/2023,3/3/2023,Completed,B,64.8,66.6,3,6,24,16,41.7,"[45, 63, 85, 48]",82.5,95.2,3.3,73.1,2.1,Low,Rural,Yes,Yes,Visual,Intermediate,High,,,
S01169,Ruby Nguyen,14,Other,Grade 12,C105,English Literature,3/20/2023,7/27/2023,Completed,D,68.2,97.1,10,2,30,1,50.0,"[84, 95, 77, 66]",66.6,66.8,0.7,61.1,3.4,Medium,Urban,Yes,Yes,Auditory,Advanced,Medium,,,
S01085,Ava Martin,16,Male,Grade 9,C101,Algebra I,3/17/2023,6/14/2023,Completed,A,69.1,58.5,0,5,11,11,81.9,"[52, 81, 77, 60]",76.8,74.5,3.2,77.7,3.8,High,Rural,Yes,No,Kinesthetic,Basic,High,,,
S01202,Ethan Patel,16,Male,Grade 10,C102,Biology,2/2/2023,5/14/2023,Completed,D,85.3,69.3,8,7,6,36,98.9,"[88, 66, 52, 81]",87.3,85.4,0.9,90.5,2.4,High,Suburban,No,No,Visual,Advanced,Low,,,
S01169,Max Wilson,17,Other,Grade 11,C104,Chemistry,3/4/2023,4/15/2023,Completed,A,83.3,111.1,10,7,2,50,46.3,"[96, 60, 63, 57]",99.6,41.8,3.5,62.6,4.5,High,Rural,Yes,No,Reading/Writing,Advanced,High,,,
S01103,Ruby Wilson,15,Male,Grade 11,C106,Computer Science,7/29/2023,,In-progress,,59.3,46.7,11,1,21,14,69.2,"[70, 48, 50, 45]",68.9,76.3,2.1,71.5,2.3,Low,Suburban,No,No,Auditory,Advanced,Low,,,
S01006,Ruby Singh,14,Other,Grade 12,C105,English Literature,5/28/2023,9/21/2023,Completed,A,67.4,54.3,5,1,16,41,63.8,"[81, 78, 46, 86]",82.9,44.6,1.7,63.8,4.4,Medium,Urban,No,No,Reading/Writing,Advanced,Low,,,
S01111,Isla Taylor,15,Other,Grade 11,C104,Chemistry,8/3/2023,12/2/2023,Completed,F,83.0,14.9,9,4,25,15,98.1,"[87, 67, 54, 73]",59.6,78.0,3.6,78.6,1.3,Low,Suburban,Yes,No,Kinesthetic,Intermediate,Low,,,
S01036,Ava Brown,18,Other,Grade 9,C103,World History,6/9/2023,9/4/2023,Completed,D,91.3,74.6,2,7,28,39,50.1,"[76, 44, 63, 48]",81.1,95.3,3.0,75.5,4.5,High,Rural,Yes,Yes,Reading/Writing,Advanced,Low,,,
S01005,Noah Nguyen,16,Other,Grade 9,C103,World History,7/11/2023,8/20/2023,Completed,D,60.8,112.6,4,2,8,32,90.2,"[51, 56, 58, 71]",66.0,47.0,3.4,67.7,3.4,Low,Rural,No,No,Visual,Intermediate,Low,,,
S01184,Noah Martin,15,Other,Grade 12,C108,Economics,3/23/2023,4/23/2023,Completed,B,66.5,54.0,7,3,25,25,88.6,"[79, 81, 50, 99]",46.9,91.0,3.1,75.5,1.7,High,Suburban,No,Yes,Auditory,Intermediate,High,,,
S01163,Mia Smith,16,Female,Grade 10,C102,Biology,5/14/2023,6/29/2023,Completed,A,69.1,107.5,1,10,14,27,86.3,"[66, 89, 72, 77]",75.9,53.9,2.9,72.0,4.5,High,Suburban,No,No,Visual,Basic,High,,,
S01072,Zoe Taylor,18,Male,Grade 11,C104,Chemistry,1/24/2023,5/3/2023,Completed,A,92.1,34.9,8,5,3,3,71.3,"[42, 88, 76, 54]",85.4,49.6,3.8,68.8,4.8,Medium,Suburban,Yes,No,Kinesthetic,Basic,High,,,
S01148,Aria Taylor,15,Male,Grade 11,C106,Computer Science,5/11/2023,,In-progress,,87.7,34.5,3,5,28,16,49.9,"[95, 85, 57, 73]",52.8,72.2,2.0,58.3,3.6,Medium,Urban,No,No,Auditory,Basic,Low,,,
S01065,Noah Singh,16,Other,Grade 9,C103,World History,7/9/2023,10/22/2023,Completed,D,84.4,118.6,3,10,20,29,69.4,"[62, 96, 71, 89]",59.5,90.2,0.8,73.0,3.8,Low,Rural,Yes,Yes,Reading/Writing,Basic,Low,,,
S01079,Liam Kumar,17,Female,Grade 9,C103,World History,7/4/2023,11/9/2023,Completed,B,73.5,53.6,9,6,24,9,50.6,"[67, 78, 56, 87]",54.9,57.1,4.1,54.2,4.2,Low,Suburban,No,Yes,Kinesthetic,Advanced,High,,,
S01120,Mia Patel,16,Male,Grade 9,C101,Algebra I,1/16/2023,3/30/2023,Completed,B,51.5,28.5,6,10,11,16,92.0,"[65, 49, 50, 96]",79.7,62.3,3.1,78.0,1.1,Low,Suburban,Yes,No,Visual,Advanced,Low,,,
S01163,Liam Taylor,17,Male,Grade 12,C108,Economics,1/27/2023,,In-progress,,78.9,83.9,2,2,25,36,74.4,"[51, 43, 96, 69]",68.2,66.4,4.7,69.7,1.3,Low,Urban,No,No,Reading/Writing,Intermediate,Medium,,,
S01191,Kai Taylor,14,Other,Grade 9,C101,Algebra I,2/5/2023,6/10/2023,Completed,C,89.5,61.6,9,5,20,4,65.6,"[90, 44, 99, 62]",88.4,87.9,3.7,80.6,3.3,High,Urban,Yes,Yes,Reading/Writing,Advanced,High,,,
S01157,Ruby Wilson,18,Female,Grade 11,C106,Computer Science,1/31/2023,3/13/2023,Completed,C,93.8,36.2,7,10,11,16,93.7,"[72, 76, 81, 49]",76.3,50.7,4.1,73.6,3.8,Low,Urban,Yes,No,Kinesthetic,Basic,Medium,,,
S01019,Max Nguyen,14,Female,Grade 9,C101,Algebra I,8/17/2023,,In-progress,,68.5,27.2,0,3,23,1,80.3,"[89, 90, 61, 51]",80.3,61.2,3.8,73.9,3.7,High,Suburban,Yes,Yes,Kinesthetic,Advanced,Low,,,
S01134,Isla Smith,16,Female,Grade 12,C105,English Literature,3/5/2023,,In-progress,,88.8,119.2,7,10,12,35,65.4,"[56, 49, 42, 79]",89.1,40.7,0.8,65.1,2.8,Medium,Urban,No,No,Kinesthetic,Basic,High,,,
S01016,Max Singh,17,Male,Grade 10,C107,Geometry,2/18/2023,6/2/2023,Completed,B,59.9,109.8,6,4,6,14,74.2,"[46, 46, 73, 42]",67.1,93.7,1.5,78.3,3.1,Medium,Urban,No,Yes,Auditory,Intermediate,Medium,,,
S01134,Leo Lee,14,Female,Grade 11,C104,Chemistry,1/27/2023,3/7/2023,Completed,D,56.0,57.1,9,5,18,24,74.4,"[66, 89, 52, 43]",78.8,80.9,1.2,78.0,1.1,Low,Rural,Yes,No,Kinesthetic,Basic,Medium,,,
S01157,Ethan Martin,18,Female,Grade 11,C104,Chemistry,1/11/2023,4/23/2023,Completed,D,52.2,108.3,3,5,16,5,62.9,"[55, 83, 41, 71]",87.8,46.8,4.7,65.8,1.7,High,Rural,Yes,Yes,Auditory,Advanced,High,,,
S01169,Leo Taylor,18,Other,Grade 11,C104,Chemistry,3/5/2023,6/12/2023,Completed,D,63.3,85.0,9,0,10,24,75.6,"[58, 60, 41, 60]",94.6,43.9,2.9,71.4,2.3,Low,Suburban,Yes,No,Kinesthetic,Intermediate,High,,,
S01124,Liam Singh,14,Male,Grade 9,C103,World History,2/19/2023,,In-progress,,64.6,36.6,8,4,5,49,97.8,"[81, 65, 90, 69]",70.3,69.7,2.3,79.3,4.0,Medium,Rural,Yes,Yes,Kinesthetic,Advanced,Medium,,,
S01051,Kai Singh,18,Female,Grade 12,C105,English Literature,5/26/2023,,In-progress,,51.9,51.0,8,9,23,39,63.5,"[91, 66, 65, 70]",60.0,46.2,4.7,56.6,4.6,Medium,Urban,Yes,Yes,Reading/Writing,Advanced,Medium,,,
S01135,Noah Taylor,18,Female,Grade 12,C105,English Literature,8/1/2023,12/22/2023,Completed,A,89.5,6.6,8,1,14,23,98.0,"[88, 68, 45, 85]",57.7,92.2,3.4,82.6,3.7,High,Suburban,No,Yes,Auditory,Intermediate,Low,,,
S01014,Ruby Smith,18,Male,Grade 9,C103,World History,3/23/2023,5/16/2023,Completed,B,88.2,73.9,2,8,10,20,61.4,"[78, 97, 43, 57]",43.2,61.7,4.1,55.4,3.7,Medium,Suburban,No,Yes,Kinesthetic,Basic,Low,,,
S01188,Liam Taylor,17,Female,Grade 11,C106,Computer Science,7/23/2023,9/22/2023,Completed,B,60.5,10.4,0,5,28,16,77.3,"[80, 48, 52, 76]",56.9,85.0,1.8,73.1,1.6,High,Urban,Yes,No,Reading/Writing,Basic,High,,,
S01170,Isla Martin,14,Female,Grade 10,C107,Geometry,6/28/2023,3/25/2023,Completed,C,60.5,95.4,9,10,10,29,73.3,"[63, 85, 50, 74]",51.5,79.9,2.2,68.2,3.7,High,Suburban,Yes,Yes,Kinesthetic,Advanced,High,,,
S01224,Liam Singh,17,Male,Grade 12,C105,English Literature,8/9/2023,9/16/2023,Completed,F,93.0,95.2,6,8,23,1,70.3,"[41, 85, 73, 95]",82.2,84.0,1.5,78.8,2.8,Low,Suburban,No,No,Kinesthetic,Intermediate,Low,,,
S01013,Isla Martin,15,Other,Grade 11,C104,Chemistry,8/11/2023,12/17/2023,Completed,C,59.2,11.2,6,5,30,48,56.2,"[44, 64, 58, 83]",78.1,45.0,1.5,59.8,1.8,Medium,Suburban,No,No,Reading/Writing,Intermediate,High,,,
S01045,Liam Kumar,18,Female,Grade 9,C103,World History,6/9/2023,10/7/2023,Completed,A,81.1,72.9,2,5,27,16,95.0,"[98, 52, 78, 58]",46.7,96.1,1.0,79.3,2.1,High,Urban,No,No,Auditory,Basic,High,,,
S01094,Kai Singh,15,Other,Grade 11,C106,Computer Science,6/22/2023,10/26/2023,Completed,A,79.2,24.6,10,9,24,24,75.0,"[81, 42, 68, 98]",87.8,83.5,0.7,82.1,3.7,Low,Rural,Yes,No,Visual,Intermediate,Medium,,,
S01154,Max Wilson,16,Other,Grade 11,C106,Computer Science,3/3/2023,,In-progress,,75.4,53.3,4,5,2,0,79.9,"[65, 78, 92, 57]",90.2,97.8,0.5,89.3,4.2,Low,Rural,No,No,Reading/Writing,Advanced,Medium,,,
S01010,Ethan Lee,14,Other,Grade 10,C107,Geometry,7/25/2023,10/5/2023,Completed,B,78.3,106.7,4,3,16,1,52.0,"[90, 80, 93, 89]",74.2,84.8,1.5,70.3,1.9,Low,Suburban,Yes,No,Reading/Writing,Advanced,Medium,,,
S01120,Mia Kumar,18,Female,Grade 10,C102,Biology,6/25/2023,9/6/2023,Completed,F,89.4,94.7,4,3,29,16,74.3,"[86, 87, 91, 77]",49.3,49.4,2.4,57.7,4.4,Medium,Suburban,Yes,No,Kinesthetic,Advanced,Medium,,,
S01188,Liam Lee,18,Male,Grade 9,C103,World History,5/6/2023,9/23/2023,Completed,F,53.2,99.0,1,7,19,39,94.4,"[79, 41, 78, 94]",77.1,54.6,1.1,75.4,4.2,Medium,Suburban,No,No,Visual,Advanced,High,,,
S01061,Kai Nguyen,18,Male,Grade 12,C105,English Literature,3/9/2023,7/17/2023,Completed,C,69.0,109.0,6,6,1,44,60.3,"[79, 80, 60, 42]",56.4,99.7,3.4,72.1,3.8,Medium,Suburban,No,No,Kinesthetic,Basic,Medium,,,
S01060,Leo Martin,16,Male,Grade 11,C106,Computer Science,7/26/2023,,In-progress,,74.5,15.4,3,9,7,1,61.5,"[61, 74, 49, 97]",75.5,82.2,2.6,73.1,1.0,High,Urban,Yes,No,Auditory,Intermediate,Low,,,
S01201,Kai Brown,15,Female,Grade 12,C105,English Literature,5/23/2023,9/4/2023,Completed,F,73.5,7.2,8,1,12,48,81.9,"[87, 74, 95, 82]",94.1,97.9,0.7,91.3,2.3,High,Suburban,No,No,Visual,Intermediate,Medium,,,
S01053,Leo Singh,18,Male,Grade 11,C106,Computer Science,7/14/2023,,Dropped,,89.0,26.6,4,6,5,43,82.5,"[46, 48, 95, 63]",79.3,90.9,1.5,84.2,4.5,High,Urban,Yes,No,Visual,Advanced,Low,,,
S01171,Ethan Wilson,15,Other,Grade 10,C107,Geometry,4/14/2023,9/13/2023,Completed,B,72.7,51.5,0,4,5,26,40.9,"[73, 84, 74, 75]",82.2,95.2,2.5,72.8,3.2,High,Suburban,No,Yes,Kinesthetic,Advanced,High,,,
S01206,Ethan Nguyen,14,Male,Grade 10,C107,Geometry,2/22/2023,3/15/2023,Completed,B,64.2,30.2,4,2,10,35,61.8,"[47, 57, 52, 75]",44.4,41.8,1.2,49.3,1.8,Low,Suburban,Yes,Yes,Auditory,Intermediate,High,,,
S01126,Aria Kumar,17,Other,Grade 12,C105,English Literature,5/6/2023,10/3/2023,Completed,B,72.9,18.8,8,7,10,44,56.8,"[43, 88, 69, 72]",53.3,74.6,0.0,61.6,3.7,Medium,Rural,Yes,No,Kinesthetic,Advanced,Medium,,,
S01165,Ruby Martin,16,Female,Grade 10,C107,Geometry,8/1/2023,10/27/2023,Completed,B,92.7,26.0,4,1,20,29,44.8,"[88, 77, 82, 56]",77.5,71.0,3.1,64.4,2.1,High,Suburban,Yes,No,Visual,Basic,Low,,,
S01073,Leo Taylor,14,Male,Grade 11,C104,Chemistry,3/11/2023,8/16/2023,Completed,D,69.5,93.5,11,0,27,48,44.8,"[49, 53, 65, 60]",49.0,63.0,2.9,52.3,2.9,Medium,Suburban,No,No,Auditory,Intermediate,Low,,,
S01061,Zoe Patel,16,Other,Grade 9,C103,World History,7/11/2023,10/15/2023,Completed,F,61.8,32.4,2,3,0,15,90.6,"[95, 78, 91, 56]",64.6,91.6,4.0,82.3,2.2,Medium,Rural,No,No,Visual,Basic,Low,,,
S01154,Zoe Patel,14,Other,Grade 11,C104,Chemistry,1/28/2023,7/4/2023,Completed,C,65.4,118.9,1,4,27,45,91.1,"[58, 53, 81, 49]",59.0,89.0,2.9,79.7,3.5,Low,Suburban,No,No,Visual,Intermediate,Low,,,
S01167,Ruby Martin,17,Other,Grade 12,C108,Economics,3/17/2023,7/22/2023,Completed,C,75.4,102.2,10,8,5,18,64.3,"[100, 89, 61, 83]",84.2,75.0,0.5,74.5,1.5,Medium,Rural,Yes,No,Visual,Basic,Medium,,,
S01092,Liam Smith,15,Other,Grade 10,C107,Geometry,7/30/2023,9/2/2023,Completed,D,59.5,65.5,3,9,20,11,89.4,"[44, 58, 97, 98]",55.9,42.4,2.8,62.6,3.2,High,Urban,No,No,Reading/Writing,Basic,Low,,,
S01119,Ava Singh,16,Female,Grade 11,C104,Chemistry,2/3/2023,,Dropped,,63.4,33.8,10,9,0,7,56.8,"[100, 86, 58, 74]",81.0,56.5,1.5,64.8,3.6,Medium,Urban,No,No,Visual,Intermediate,Low,,,
S01162,Isla Wilson,17,Other,Grade 11,C104,Chemistry,8/4/2023,,Dropped,,98.6,107.8,7,5,4,46,83.0,"[65, 52, 43, 98]",72.4,97.3,4.7,84.2,1.0,Medium,Rural,No,No,Visual,Basic,Medium,,,
S01180,Noah Martin,17,Female,Grade 12,C105,English Literature,5/23/2023,,In-progress,,99.2,54.2,1,7,30,43,44.9,"[67, 84, 81, 90]",69.6,63.1,1.8,59.2,1.1,High,Suburban,Yes,No,Reading/Writing,Advanced,High,,,
S01133,Aria Taylor,16,Female,Grade 9,C103,World History,4/4/2023,7/5/2023,Completed,F,93.7,43.3,9,10,4,22,63.2,"[43, 78, 60, 60]",86.5,80.7,1.6,76.8,3.6,High,Suburban,Yes,Yes,Kinesthetic,Advanced,Medium,,,
S01170,Isla Martin,17,Male,Grade 11,C104,Chemistry,5/3/2023,,Dropped,,55.5,17.4,0,2,4,22,99.0,"[70, 81, 48, 85]",47.1,69.3,2.5,71.8,4.1,Low,Urban,No,No,Visual,Intermediate,Medium,,,
S01148,Mia Lee,15,Other,Grade 11,C106,Computer Science,8/2/2023,12/10/2023,Completed,C,81.2,81.4,4,7,9,4,87.7,"[61, 47, 41, 96]",74.0,87.6,4.0,83.1,1.1,Low,Urban,No,Yes,Visual,Intermediate,Medium,,,
S01063,Mia Lee,16,Other,Grade 9,C103,World History,5/26/2023,7/8/2023,Completed,B,58.8,112.8,3,5,4,18,97.1,"[87, 63, 71, 52]",41.4,76.1,0.3,71.5,1.1,High,Suburban,No,No,Reading/Writing,Basic,Low,,,
S01027,Max Brown,18,Male,Grade 11,C106,Computer Science,6/2/2023,9/4/2023,Completed,F,87.0,62.0,3,10,20,9,73.9,"[47, 75, 71, 83]",81.4,91.9,1.5,82.4,2.2,Low,Suburban,Yes,Yes,Visual,Basic,Low,,,
S01220,Mia Lee,14,Male,Grade 9,C103,World History,7/19/2023,11/1/2023,Completed,F,71.7,54.4,6,7,12,0,77.9,"[40, 56, 86, 50]",50.6,78.1,0.2,68.9,1.8,Medium,Urban,No,No,Visual,Advanced,Low,,,
S01249,Mia Singh,17,Male,Grade 9,C101,Algebra I,6/5/2023,,Dropped,,57.1,77.8,0,1,23,33,89.8,"[82, 59, 60, 40]",56.0,50.8,1.1,65.5,2.7,Medium,Urban,No,No,Kinesthetic,Advanced,High,,,
S01014,Kai Brown,16,Other,Grade 11,C106,Computer Science,8/1/2023,9/13/2023,Completed,D,75.1,115.1,7,1,25,21,76.9,"[73, 88, 94, 67]",70.4,67.8,4.9,71.7,1.3,High,Urban,Yes,No,Reading/Writing,Intermediate,High,,,
S01213,Ava Nguyen,17,Female,Grade 9,C101,Algebra I,7/30/2023,10/18/2023,Completed,A,89.1,12.1,12,7,1,19,96.6,"[86, 78, 75, 45]",86.5,77.2,3.1,86.8,2.7,Low,Rural,Yes,Yes,Kinesthetic,Intermediate,Medium,,,
S01064,Liam Taylor,15,Other,Grade 12,C108,Economics,4/7/2023,6/28/2023,Completed,B,90.0,52.4,5,8,17,0,85.4,"[68, 75, 42, 47]",97.7,67.5,3.5,83.5,2.1,Medium,Urban,No,No,Visual,Advanced,Low,,,
S01121,Zoe Kumar,14,Other,Grade 11,C106,Computer Science,7/30/2023,8/27/2023,Completed,B,92.9,49.7,6,4,9,5,90.5,"[81, 87, 54, 73]",79.7,96.5,4.7,88.9,4.0,Medium,Urban,Yes,No,Kinesthetic,Advanced,Medium,,,
S01074,Max Nguyen,17,Male,Grade 11,C106,Computer Science,1/31/2023,6/10/2023,Completed,D,96.1,104.1,9,6,18,25,50.5,"[70, 90, 88, 44]",62.8,82.2,3.5,65.2,2.7,Low,Suburban,Yes,No,Auditory,Advanced,Medium,,,
S01177,Leo Taylor,15,Other,Grade 11,C104,Chemistry,4/24/2023,,In-progress,,91.4,118.5,8,3,24,26,92.8,"[70, 95, 79, 76]",61.7,61.1,3.4,71.9,3.7,High,Suburban,No,No,Kinesthetic,Basic,Low,,,
S01110,Zoe Singh,16,Other,Grade 9,C103,World History,3/8/2023,4/8/2023,Completed,C,71.8,24.0,11,7,24,9,98.7,"[57, 62, 66, 94]",70.0,98.4,2.8,89.0,4.7,High,Suburban,Yes,No,Auditory,Basic,Low,,,
S01120,Kai Patel,15,Male,Grade 9,C101,Algebra I,7/11/2023,10/28/2023,Completed,D,83.5,69.9,3,7,22,16,53.5,"[42, 42, 55, 90]",44.1,97.4,3.8,65.0,1.7,High,Rural,Yes,No,Kinesthetic,Basic,High,,,
S01131,Ethan Martin,17,Male,Grade 10,C102,Biology,2/22/2023,8/1/2023,Completed,B,51.4,108.9,0,1,12,3,59.1,"[57, 55, 44, 77]",48.5,82.3,0.4,63.3,2.6,High,Rural,No,No,Kinesthetic,Intermediate,Low,,,
S01045,Ava Taylor,14,Other,Grade 12,C105,English Literature,1/10/2023,5/21/2023,Completed,F,84.3,113.1,11,10,6,23,60.7,"[99, 47, 94, 51]",87.2,66.2,2.2,71.4,4.8,Medium,Rural,No,Yes,Kinesthetic,Advanced,Medium,,,
S01227,Ruby Singh,15,Other,Grade 9,C103,World History,6/18/2023,11/17/2023,Completed,D,78.8,97.1,2,6,10,29,65.9,"[52, 74, 50, 99]",96.6,41.4,1.2,68.0,4.0,Medium,Suburban,Yes,Yes,Visual,Basic,Low,,,
S01215,Mia Taylor,15,Female,Grade 11,C106,Computer Science,3/27/2023,8/4/2023,Completed,C,75.9,55.3,1,2,16,7,54.5,"[79, 90, 88, 75]",98.4,51.6,3.2,68.2,4.1,High,Suburban,Yes,No,Auditory,Basic,Low,,,
S01173,Liam Brown,15,Female,Grade 9,C101,Algebra I,4/24/2023,5/15/2023,Completed,B,58.1,78.1,9,4,19,26,44.8,"[93, 75, 51, 47]",98.5,55.8,2.5,66.4,2.1,Medium,Suburban,No,No,Visual,Advanced,High,,,
S01035,Noah Brown,16,Male,Grade 9,C103,World History,5/4/2023,,In-progress,,61.3,114.1,2,6,3,46,85.9,"[55, 87, 79, 63]",88.4,97.1,3.7,90.5,4.8,Low,Urban,No,No,Kinesthetic,Intermediate,Low,,,
S01012,Max Kumar,17,Male,Grade 12,C105,English Literature,4/4/2023,7/27/2023,Completed,F,70.1,58.8,5,4,4,43,67.4,"[80, 62, 73, 49]",68.3,49.8,3.8,61.8,3.0,High,Suburban,No,No,Visual,Advanced,Medium,,,
S01039,Noah Nguyen,14,Other,Grade 9,C103,World History,3/7/2023,6/13/2023,Completed,C,74.6,111.5,6,5,12,31,67.2,"[44, 48, 68, 49]",62.5,76.4,1.5,68.7,5.0,Low,Suburban,Yes,Yes,Reading/Writing,Advanced,Low,,,
S01031,Liam Lee,14,Male,Grade 10,C102,Biology,2/6/2023,4/13/2023,Completed,D,68.8,41.1,7,2,5,19,45.6,"[90, 63, 69, 41]",69.7,61.7,0.1,59.0,1.7,High,Rural,Yes,Yes,Kinesthetic,Intermediate,Medium,,,
S01226,Ruby Patel,18,Female,Grade 9,C103,World History,3/27/2023,,Dropped,,77.0,100.7,2,9,4,50,78.7,"[81, 93, 61, 95]",67.0,72.4,1.0,72.7,3.8,Low,Suburban,Yes,Yes,Visual,Advanced,Low,,,
S01046,Noah Wilson,17,Male,Grade 9,C103,World History,7/4/2023,11/6/2023,Completed,C,83.9,70.6,7,7,24,18,61.9,"[77, 85, 87, 54]",83.2,98.2,3.9,81.1,3.0,Medium,Urban,Yes,No,Kinesthetic,Basic,High,,,
S01238,Noah Brown,16,Female,Grade 11,C106,Computer Science,2/18/2023,,In-progress,,57.6,98.6,11,7,9,8,79.7,"[78, 40, 48, 63]",92.7,42.1,1.0,71.5,4.5,High,Rural,Yes,Yes,Reading/Writing,Basic,Medium,,,
S01059,Kai Martin,17,Male,Grade 12,C108,Economics,4/3/2023,8/27/2023,Completed,F,59.7,90.0,10,10,19,36,94.3,"[52, 89, 64, 92]",82.4,52.5,0.9,76.4,3.4,High,Urban,Yes,No,Auditory,Advanced,High,,,
S01058,Liam Smith,18,Female,Grade 9,C101,Algebra I,7/2/2023,,Dropped,,55.7,13.9,3,5,18,23,98.5,"[91, 72, 43, 54]",41.0,90.7,4.1,76.7,3.7,Low,Rural,No,No,Auditory,Basic,Medium,,,
S01121,Aria Smith,16,Other,Grade 10,C102,Biology,3/31/2023,6/2/2023,Completed,D,70.0,52.5,9,3,17,10,56.9,"[70, 64, 83, 46]",60.9,74.5,4.9,64.1,2.5,Medium,Urban,No,No,Kinesthetic,Advanced,High,,,
S01191,Max Nguyen,16,Male,Grade 10,C102,Biology,1/10/2023,3/10/2023,Completed,F,63.9,103.0,10,9,23,1,82.3,"[45, 90, 47, 67]",50.6,91.1,1.7,74.7,3.7,Medium,Rural,Yes,No,Visual,Advanced,Medium,,,
S01228,Liam Kumar,16,Male,Grade 9,C103,World History,2/18/2023,,In-progress,,82.9,28.2,2,6,8,14,52.4,"[76, 91, 87, 72]",50.9,41.6,4.7,48.3,1.9,Medium,Urban,Yes,No,Visual,Intermediate,Low,,,
S01060,Mia Brown,16,Female,Grade 10,C102,Biology,7/17/2023,,In-progress,,70.4,104.2,0,7,17,23,59.8,"[85, 54, 65, 49]",75.1,63.4,3.5,66.1,1.5,High,Suburban,No,No,Kinesthetic,Basic,Medium,,,
S01082,Ava Smith,14,Female,Grade 10,C107,Geometry,2/27/2023,5/6/2023,Completed,A,63.2,84.1,12,6,8,44,83.4,"[72, 40, 81, 43]",88.7,89.0,0.9,87.0,1.6,Medium,Urban,Yes,No,Auditory,Advanced,Medium,,,
S01029,Max Nguyen,15,Male,Grade 10,C107,Geometry,4/13/2023,,Dropped,,70.8,72.9,12,9,21,28,56.3,"[88, 79, 88, 47]",63.1,91.0,0.9,70.1,2.5,Medium,Rural,Yes,No,Reading/Writing,Intermediate,Low,,,
S01162,Liam Lee,17,Other,Grade 11,C106,Computer Science,1/24/2023,,In-progress,,78.8,87.6,6,7,12,15,85.1,"[52, 41, 55, 69]",80.4,53.5,0.7,73.0,3.8,Low,Suburban,Yes,No,Reading/Writing,Basic,High,,,
S01134,Ruby Kumar,14,Male,Grade 9,C101,Algebra I,3/7/2023,6/7/2023,Completed,C,93.4,79.7,3,6,16,45,52.0,"[68, 97, 44, 80]",81.8,56.3,0.5,63.4,2.3,High,Rural,Yes,No,Auditory,Advanced,Medium,,,
S01032,Zoe Martin,17,Male,Grade 9,C103,World History,5/15/2023,,In-progress,,98.5,85.2,2,9,19,29,41.7,"[60, 69, 98, 72]",79.8,91.6,3.2,71.0,3.5,High,Suburban,No,No,Reading/Writing,Advanced,Low,,,
S01054,Leo Lee,17,Other,Grade 9,C103,World History,1/21/2023,,In-progress,,98.3,74.2,7,4,19,39,76.2,"[72, 40, 47, 50]",92.3,46.4,1.8,71.6,3.7,High,Rural,No,No,Visual,Basic,Low,,,
S01063,Aria Taylor,18,Female,Grade 10,C102,Biology,4/27/2023,9/12/2023,Completed,B,87.2,59.6,4,3,26,40,80.1,"[97, 93, 77, 83]",99.3,75.7,1.4,85.0,4.1,Medium,Rural,Yes,No,Reading/Writing,Basic,High,,,
S01063,Mia Nguyen,14,Female,Grade 12,C108,Economics,6/23/2023,10/5/2023,Completed,D,72.7,114.8,9,10,0,21,41.6,"[64, 75, 97, 90]",80.9,80.8,4.8,67.8,3.6,Medium,Suburban,Yes,No,Visual,Advanced,Medium,,,
S01190,Ethan Nguyen,16,Female,Grade 11,C104,Chemistry,4/18/2023,6/19/2023,Completed,F,91.0,19.3,7,10,14,26,76.1,"[51, 81, 97, 62]",53.0,52.6,2.1,60.6,2.4,High,Suburban,No,Yes,Auditory,Intermediate,Medium,,,
S01111,Noah Smith,16,Female,Grade 9,C103,World History,7/7/2023,10/4/2023,Completed,B,87.5,70.5,10,6,10,1,77.0,"[68, 90, 76, 59]",95.2,86.5,2.5,86.2,2.3,Medium,Urban,No,No,Kinesthetic,Intermediate,High,,,
S01053,Mia Patel,16,Male,Grade 10,C107,Geometry,6/28/2023,8/30/2023,Completed,B,59.9,25.9,1,7,18,13,89.0,"[82, 71, 79, 84]",40.1,44.2,0.9,57.8,1.2,Low,Urban,No,No,Reading/Writing,Advanced,High,,,
S01177,Liam Martin,16,Female,Grade 9,C103,World History,1/2/2023,4/12/2023,Completed,F,58.6,117.4,10,0,7,19,47.4,"[50, 74, 91, 42]",47.7,52.4,0.2,49.2,4.8,Medium,Rural,No,No,Reading/Writing,Advanced,Medium,,,
S01109,Isla Nguyen,16,Male,Grade 9,C101,Algebra I,6/7/2023,7/10/2023,Completed,C,68.2,113.4,11,6,7,20,62.8,"[99, 53, 66, 44]",71.5,82.0,4.5,72.1,1.7,Low,Urban,No,No,Kinesthetic,Intermediate,Medium,,,
S01202,Liam Patel,16,Other,Grade 9,C101,Algebra I,3/12/2023,,In-progress,,53.3,53.4,11,8,23,20,89.4,"[65, 90, 83, 93]",96.4,68.3,2.3,84.7,1.1,Low,Rural,Yes,No,Auditory,Basic,Medium,,,
S01039,Zoe Martin,15,Male,Grade 12,C105,English Literature,5/10/2023,7/16/2023,Completed,F,98.2,11.5,10,1,13,33,77.6,"[42, 66, 91, 76]",60.2,83.3,2.7,73.7,3.5,Low,Rural,No,No,Visual,Basic,Low,,,
S01049,Isla Brown,15,Female,Grade 10,C107,Geometry,3/7/2023,,In-progress,,51.7,98.5,10,10,0,44,85.1,"[78, 62, 43, 63]",60.9,82.5,3.3,76.2,1.6,High,Suburban,Yes,No,Auditory,Advanced,High,,,
S01222,Kai Lee,14,Other,Grade 11,C104,Chemistry,3/12/2023,7/6/2023,Completed,C,85.0,104.5,8,4,19,6,98.8,"[87, 47, 72, 93]",53.3,97.1,4.5,83.1,1.7,Medium,Urban,No,No,Reading/Writing,Advanced,Low,,,
S01029,Ruby Taylor,16,Male,Grade 12,C108,Economics,7/8/2023,,Dropped,,53.2,44.7,7,8,16,7,74.8,"[85, 54, 61, 56]",97.5,52.6,2.4,75.0,3.1,High,Suburban,No,No,Visual,Basic,Medium,,,
S01171,Ethan Wilson,15,Other,Grade 10,C107,Geometry,4/14/2023,9/13/2023,Completed,B,72.7,51.5,0,4,5,26,40.9,"[73, 84, 74, 75]",82.2,95.2,2.5,72.8,3.2,High,Suburban,No,Yes,Kinesthetic,Advanced,High,,,
S01114,Noah Brown,15,Female,Grade 11,C106,Computer Science,1/2/2023,4/17/2023,Completed,C,53.1,76.9,0,7,13,1,44.9,"[84, 99, 65, 44]",74.3,41.5,3.0,53.6,3.5,Medium,Suburban,Yes,Yes,Reading/Writing,Basic,Medium,,,
S01014,Mia Wilson,14,Female,Grade 12,C105,English Literature,5/25/2023,,In-progress,,99.2,77.0,2,9,19,24,58.9,"[81, 88, 93, 61]",72.2,52.5,0.9,61.2,1.5,Medium,Rural,No,Yes,Kinesthetic,Intermediate,Low,,,
S01099,Liam Singh,14,Other,Grade 12,C108,Economics,2/20/2023,6/1/2023,Completed,F,70.2,19.7,4,0,11,35,58.0,"[95, 96, 83, 95]",87.7,80.8,4.8,75.5,1.0,High,Suburban,Yes,No,Visual,Basic,Medium,,,
S01185,Kai Taylor,14,Male,Grade 11,C106,Computer Science,7/22/2023,12/13/2023,Completed,C,67.4,99.0,6,1,27,49,89.5,"[94, 76, 58, 84]",81.4,74.6,1.1,81.8,3.6,High,Urban,No,Yes,Kinesthetic,Advanced,Low,,,
S01088,Aria Singh,14,Male,Grade 10,C107,Geometry,7/8/2023,8/27/2023,Completed,D,98.2,5.6,1,2,15,38,84.9,"[50, 53, 64, 60]",66.8,82.0,2.2,77.9,1.3,Low,Suburban,Yes,Yes,Reading/Writing,Intermediate,High,,,
S01080,Max Patel,14,Other,Grade 11,C104,Chemistry,8/29/2023,12/29/2023,Completed,A,93.5,37.1,11,3,11,28,62.7,"[60, 46, 67, 82]",43.4,61.4,3.1,55.8,3.6,Medium,Rural,No,No,Visual,Advanced,Medium,,,
S01009,Ethan Lee,18,Male,Grade 9,C101,Algebra I,3/28/2023,5/4/2023,Completed,D,64.9,118.2,7,10,30,7,68.2,"[58, 59, 61, 45]",89.8,64.9,4.2,74.3,4.8,Low,Urban,Yes,Yes,Visual,Basic,Low,,,
S01124,Aria Brown,16,Female,Grade 10,C102,Biology,7/14/2023,9/4/2023,Completed,C,71.9,64.5,1,3,7,4,47.7,"[56, 92, 65, 53]",68.5,73.0,1.7,63.1,3.4,Low,Rural,Yes,Yes,Visual,Advanced,High,,,
S01144,Ruby Kumar,16,Male,Grade 9,C103,World History,8/18/2023,10/24/2023,Completed,A,63.9,12.2,6,5,1,16,55.2,"[78, 95, 57, 66]",68.0,96.2,4.8,73.1,2.1,Medium,Urban,No,No,Reading/Writing,Basic,High,,,
S01008,Max Brown,17,Male,Grade 9,C103,World History,5/9/2023,9/7/2023,Completed,C,98.7,65.0,2,3,12,39,90.0,"[73, 90, 95, 70]",80.8,92.6,0.3,87.8,2.6,High,Rural,Yes,No,Reading/Writing,Intermediate,High,,,
S01034,Zoe Taylor,15,Other,Grade 12,C108,Economics,7/2/2023,9/7/2023,Completed,B,87.9,12.6,7,9,15,44,91.1,"[52, 42, 86, 41]",69.5,48.3,1.6,69.6,2.8,Low,Suburban,No,Yes,Reading/Writing,Advanced,Medium,,,
S01076,Isla Lee,17,Female,Grade 12,C108,Economics,3/22/2023,5/29/2023,Completed,B,57.1,91.3,6,0,27,8,53.7,"[65, 93, 59, 88]",50.2,81.5,3.9,61.8,2.5,High,Urban,No,No,Visual,Intermediate,High,,,
S01121,Kai Nguyen,17,Male,Grade 12,C108,Economics,3/13/2023,7/20/2023,Completed,A,99.6,89.3,8,0,13,33,84.2,"[75, 94, 76, 49]",54.8,59.6,2.0,66.2,4.2,High,Urban,No,No,Auditory,Basic,High,,,
S01082,Kai Martin,14,Other,Grade 11,C104,Chemistry,3/30/2023,,Dropped,,82.0,73.1,9,2,5,42,71.1,"[52, 97, 56, 78]",57.0,44.7,3.1,57.6,4.6,Medium,Rural,Yes,Yes,Visual,Basic,High,,,
S01201,Kai Brown,15,Female,Grade 12,C105,English Literature,5/23/2023,9/4/2023,Completed,F,73.5,7.2,8,1,12,48,81.9,"[87, 74, 95, 82]",94.1,97.9,0.7,91.3,2.3,High,Suburban,No,No,Visual,Intermediate,Medium,,,
S01135,Leo Kumar,18,Male,Grade 11,C104,Chemistry,7/3/2023,10/3/2023,Completed,D,83.7,17.3,5,6,13,13,50.3,"[84, 95, 95, 91]",85.2,40.3,2.6,58.6,2.6,Medium,Urban,No,Yes,Auditory,Intermediate,Medium,,,
S01185,Ethan Kumar,17,Other,Grade 10,C102,Biology,8/20/2023,11/7/2023,Completed,A,54.7,92.2,0,0,27,8,67.4,"[43, 89, 92, 91]",98.6,55.8,3.3,73.9,1.7,Medium,Suburban,No,Yes,Kinesthetic,Intermediate,Low,,,
S01221,Zoe Patel,14,Other,Grade 9,C101,Algebra I,8/22/2023,1/16/2024,Completed,A,65.4,55.7,9,5,23,8,90.0,"[54, 88, 53, 51]",94.2,86.5,0.5,90.2,2.2,High,Suburban,Yes,No,Auditory,Advanced,Medium,,,
S01158,Leo Smith,14,Male,Grade 11,C106,Computer Science,8/23/2023,9/28/2023,Completed,F,56.8,57.2,10,8,13,37,78.1,"[79, 47, 43, 42]",67.9,82.1,3.7,76.0,1.6,Medium,Rural,Yes,No,Reading/Writing,Intermediate,Low,,,
S01095,Liam Smith,14,Male,Grade 9,C103,World History,5/22/2023,10/27/2023,Completed,A,80.8,52.3,7,9,29,34,66.2,"[81, 78, 82, 96]",57.1,79.6,0.5,67.6,2.8,High,Urban,No,No,Auditory,Basic,Medium,,,
S01233,Ruby Smith,18,Other,Grade 9,C101,Algebra I,3/10/2023,5/25/2023,Completed,C,56.5,67.1,11,0,25,24,60.4,"[65, 74, 50, 52]",89.1,58.5,0.5,69.3,3.8,Medium,Rural,Yes,Yes,Auditory,Intermediate,High,,,
S01033,Max Taylor,18,Female,Grade 10,C107,Geometry,6/5/2023,,Dropped,,67.6,30.0,9,4,10,49,47.4,"[47, 57, 92, 86]",63.7,52.7,1.8,54.6,1.4,High,Rural,No,No,Auditory,Intermediate,Medium,,,
S01096,Max Smith,17,Other,Grade 12,C108,Economics,1/20/2023,3/4/2023,Completed,C,92.5,96.5,6,3,30,27,64.2,"[93, 67, 69, 75]",85.0,81.7,4.1,77.0,3.0,Medium,Suburban,No,No,Reading/Writing,Intermediate,High,,,
S01042,Ruby Wilson,18,Male,Grade 12,C108,Economics,4/30/2023,6/19/2023,Completed,B,91.8,42.7,1,3,30,22,72.2,"[58, 56, 47, 49]",97.9,52.5,2.0,74.2,1.2,Medium,Suburban,Yes,Yes,Reading/Writing,Intermediate,High,,,
